#pragma once

namespace ui {
namespace embedded {

// Embedded console font data (console.ttf)
const unsigned char console_font_data[] = {
  0x00, 0x01, 0x00, 0x00, 0x00, 0x0b, 0x00, 0x80, 0x00, 0x03, 0x00, 0x30,
  0x44, 0x53, 0x49, 0x47, 0x00, 0x00, 0x00, 0x01, 0x00, 0x00, 0x3f, 0x34,
  0x00, 0x00, 0x00, 0x08, 0x4f, 0x53, 0x2f, 0x32, 0x73, 0x19, 0x70, 0x39,
  0x00, 0x00, 0x01, 0x38, 0x00, 0x00, 0x00, 0x60, 0x63, 0x6d, 0x61, 0x70,
  0x6b, 0xe6, 0x6d, 0x84, 0x00, 0x00, 0x03, 0xd4, 0x00, 0x00, 0x03, 0x10,
  0x67, 0x6c, 0x79, 0x66, 0xc5, 0x30, 0xa0, 0x31, 0x00, 0x00, 0x09, 0x24,
  0x00, 0x00, 0x2c, 0x58, 0x68, 0x65, 0x61, 0x64, 0x22, 0x23, 0x52, 0x97,
  0x00, 0x00, 0x00, 0xbc, 0x00, 0x00, 0x00, 0x36, 0x68, 0x68, 0x65, 0x61,
  0x0b, 0x8f, 0xff, 0xac, 0x00, 0x00, 0x00, 0xf4, 0x00, 0x00, 0x00, 0x24,
  0x68, 0x6d, 0x74, 0x78, 0x23, 0xc1, 0x3d, 0x49, 0x00, 0x00, 0x01, 0x98,
  0x00, 0x00, 0x02, 0x3c, 0x6c, 0x6f, 0x63, 0x61, 0x00, 0x0d, 0xfb, 0xf4,
  0x00, 0x00, 0x06, 0xe4, 0x00, 0x00, 0x02, 0x40, 0x6d, 0x61, 0x78, 0x70,
  0x00, 0x99, 0x00, 0x26, 0x00, 0x00, 0x01, 0x18, 0x00, 0x00, 0x00, 0x20,
  0x6e, 0x61, 0x6d, 0x65, 0x8f, 0x18, 0x79, 0x42, 0x00, 0x00, 0x35, 0x7c,
  0x00, 0x00, 0x09, 0x98, 0x70, 0x6f, 0x73, 0x74, 0x00, 0xcf, 0x00, 0x66,
  0x00, 0x00, 0x3f, 0x14, 0x00, 0x00, 0x00, 0x20, 0x00, 0x01, 0x00, 0x00,
  0x00, 0x01, 0x00, 0x00, 0x54, 0xdc, 0x51, 0xa4, 0x5f, 0x0f, 0x3c, 0xf5,
  0x00, 0x00, 0x08, 0x00, 0x00, 0x00, 0x00, 0x00, 0xde, 0xdd, 0x04, 0x94,
  0x00, 0x00, 0x00, 0x00, 0xde, 0xdd, 0x04, 0x94, 0x00, 0x00, 0xfe, 0x39,
  0x05, 0x55, 0x06, 0x38, 0x00, 0x00, 0x00, 0x08, 0x00, 0x02, 0x00, 0x01,
  0x00, 0x00, 0x00, 0x00, 0x00, 0x01, 0x00, 0x00, 0x06, 0x38, 0xfe, 0x39,
  0x00, 0x00, 0x06, 0x38, 0x00, 0x00, 0xfa, 0xab, 0x05, 0x55, 0x00, 0x01,
  0x00, 0x00, 0x00, 0x00, 0x00, 0x00, 0x00, 0x00, 0x00, 0x00, 0x00, 0x00,
  0x00, 0x00, 0x00, 0x8f, 0x00, 0x01, 0x00, 0x00, 0x00, 0x8f, 0x00, 0x24,
  0x00, 0x09, 0x00, 0x00, 0x00, 0x00, 0x00, 0x02, 0x00, 0x00, 0x00, 0x00,
  0x00, 0x00, 0x00, 0x00, 0x00, 0x00, 0x00, 0x00, 0x00, 0x00, 0x00, 0x00,
  0x00, 0x02, 0x05, 0x37, 0x01, 0x90, 0x00, 0x05, 0x00, 0x04, 0x04, 0x00,
  0x04, 0x00, 0x00, 0x00, 0xff, 0x1d, 0x04, 0x00, 0x04, 0x00, 0x00, 0x00,
  0x04, 0x00, 0x00, 0x66, 0x01, 0x99, 0x00, 0x00, 0x00, 0x00, 0x04, 0x00,
  0x00, 0x00, 0x00, 0x00, 0x00, 0x00, 0x00, 0x00, 0x00, 0x03, 0x00, 0x00,
  0x00, 0x00, 0x00, 0x00, 0x00, 0x00, 0x00, 0x00, 0x00, 0x00, 0x46, 0x53,
  0x54, 0x52, 0x00, 0x40, 0x00, 0x20, 0x21, 0x22, 0x06, 0x38, 0xfe, 0x39,
  0x00, 0x00, 0x06, 0x38, 0x01, 0xc7, 0x20, 0x01, 0x01, 0xff, 0xcd, 0xff,
  0x00, 0x00, 0x04, 0x71, 0x06, 0x38, 0x00, 0x00, 0x00, 0x20, 0x00, 0x00,
  0x05, 0xac, 0x00, 0x00, 0x05, 0x55, 0x00, 0x00, 0x05, 0x55, 0x00, 0x00,
  0x05, 0x55, 0x00, 0xe3, 0x05, 0x55, 0x00, 0x00, 0x05, 0x55, 0x00, 0x00,
  0x05, 0x55, 0x00, 0x00, 0x05, 0x55, 0x00, 0x00, 0x05, 0x55, 0x01, 0xc7,
  0x05, 0x55, 0x01, 0xc7, 0x05, 0x55, 0x00, 0x00, 0x05, 0x55, 0x00, 0xe3,
  0x05, 0x55, 0x00, 0x00, 0x05, 0x55, 0x00, 0x00, 0x05, 0x55, 0x00, 0x00,
  0x05, 0x55, 0x00, 0x00, 0x05, 0x55, 0x00, 0x00, 0x05, 0x55, 0x00, 0x00,
  0x05, 0x55, 0x00, 0x00, 0x05, 0x55, 0x00, 0x00, 0x05, 0x55, 0x00, 0x00,
  0x05, 0x55, 0x00, 0x00, 0x05, 0x55, 0x00, 0x00, 0x05, 0x55, 0x00, 0x00,
  0x05, 0x55, 0x00, 0x00, 0x05, 0x55, 0x00, 0x00, 0x05, 0x55, 0x00, 0x00,
  0x05, 0x55, 0x00, 0xe3, 0x05, 0x55, 0x00, 0xe3, 0x05, 0x55, 0x00, 0x00,
  0x05, 0x55, 0x00, 0x00, 0x05, 0x55, 0x00, 0xe3, 0x05, 0x55, 0x00, 0x00,
  0x05, 0x55, 0x00, 0x00, 0x05, 0x55, 0x00, 0x00, 0x05, 0x55, 0x00, 0x00,
  0x05, 0x55, 0x00, 0x00, 0x05, 0x55, 0x00, 0x00, 0x05, 0x55, 0x00, 0x00,
  0x05, 0x55, 0x00, 0x00, 0x05, 0x55, 0x00, 0x00, 0x05, 0x55, 0x00, 0x00,
  0x05, 0x55, 0x00, 0x00, 0x05, 0x55, 0x00, 0x00, 0x05, 0x55, 0x00, 0x00,
  0x05, 0x55, 0x00, 0x00, 0x05, 0x55, 0x00, 0x00, 0x05, 0x55, 0x00, 0x00,
  0x05, 0x55, 0x00, 0x00, 0x05, 0x55, 0x00, 0x00, 0x05, 0x55, 0x00, 0x00,
  0x05, 0x55, 0x00, 0x00, 0x05, 0x55, 0x00, 0x00, 0x05, 0x55, 0x00, 0x00,
  0x05, 0x55, 0x00, 0x00, 0x05, 0x55, 0x00, 0x00, 0x05, 0x55, 0x00, 0x00,
  0x05, 0x55, 0x00, 0x00, 0x05, 0x55, 0x00, 0x00, 0x05, 0x55, 0x00, 0x00,
  0x05, 0x55, 0x01, 0xc7, 0x05, 0x55, 0x00, 0x00, 0x05, 0x55, 0x00, 0x00,
  0x05, 0x55, 0x00, 0x00, 0x05, 0x55, 0x00, 0x00, 0x05, 0x55, 0x03, 0x8e,
  0x05, 0x55, 0x00, 0x00, 0x05, 0x55, 0x00, 0x00, 0x05, 0x55, 0x00, 0x00,
  0x05, 0x55, 0x00, 0x00, 0x05, 0x55, 0x00, 0x00, 0x05, 0x55, 0x00, 0x00,
  0x05, 0x55, 0x00, 0x00, 0x05, 0x55, 0x00, 0x00, 0x05, 0x55, 0x00, 0x00,
  0x05, 0x55, 0x00, 0x00, 0x05, 0x55, 0x00, 0x00, 0x05, 0x55, 0x00, 0x00,
  0x05, 0x55, 0x00, 0x00, 0x05, 0x55, 0x00, 0x00, 0x05, 0x55, 0x00, 0x00,
  0x05, 0x55, 0x00, 0x00, 0x05, 0x55, 0x00, 0x00, 0x05, 0x55, 0x00, 0x00,
  0x05, 0x55, 0x00, 0x00, 0x05, 0x55, 0x00, 0x00, 0x05, 0x55, 0x00, 0x00,
  0x05, 0x55, 0x00, 0x00, 0x05, 0x55, 0x00, 0x00, 0x05, 0x55, 0x00, 0x00,
  0x05, 0x55, 0x00, 0x00, 0x05, 0x55, 0x00, 0x00, 0x05, 0x55, 0x01, 0xc7,
  0x05, 0x55, 0x01, 0xc7, 0x05, 0x55, 0x00, 0x00, 0x05, 0x55, 0x00, 0xe3,
  0x00, 0xe3, 0x00, 0x00, 0x00, 0xe3, 0x00, 0x00, 0x05, 0x55, 0x00, 0x00,
  0x00, 0x00, 0x01, 0xc7, 0x00, 0x00, 0x01, 0xc7, 0x00, 0x00, 0x00, 0x00,
  0x00, 0x00, 0x00, 0x00, 0x00, 0x00, 0x01, 0xc7, 0x00, 0x00, 0x00, 0x00,
  0x00, 0x00, 0x01, 0xc7, 0x00, 0x00, 0x01, 0xc7, 0x00, 0x00, 0x00, 0x00,
  0x00, 0x00, 0x02, 0xaa, 0x00, 0x00, 0x00, 0xe3, 0x00, 0x00, 0x00, 0xe3,
  0x00, 0x00, 0x00, 0xe3, 0x00, 0x00, 0x01, 0xc7, 0x00, 0x00, 0x00, 0xe3,
  0x00, 0x00, 0x00, 0xe3, 0x00, 0x00, 0x00, 0xe3, 0x00, 0x00, 0x02, 0xaa,
  0x00, 0xe3, 0x00, 0x00, 0x00, 0x00, 0x02, 0xaa, 0x00, 0x00, 0x02, 0xaa,
  0x00, 0x00, 0x00, 0x00, 0x00, 0x00, 0x00, 0x00, 0x00, 0x00, 0x00, 0x00,
  0x00, 0x00, 0x00, 0x00, 0x00, 0x00, 0x01, 0xc7, 0x00, 0x00, 0x00, 0x00,
  0x00, 0x00, 0x03, 0x8e, 0x00, 0x00, 0x00, 0x00, 0x00, 0x00, 0x00, 0x00,
  0x00, 0x00, 0x00, 0x00, 0x00, 0x00, 0x03, 0x8e, 0x00, 0x00, 0x01, 0xc7,
  0x00, 0x00, 0x00, 0x00, 0x00, 0x00, 0x01, 0xc7, 0x00, 0x00, 0x00, 0x00,
  0x00, 0x00, 0x01, 0xc7, 0x00, 0x00, 0x00, 0x00, 0x00, 0x00, 0x00, 0x00,
  0x05, 0x55, 0x02, 0xaa, 0x05, 0x55, 0x00, 0x00, 0x05, 0x55, 0x00, 0x00,
  0x06, 0x38, 0x00, 0x00, 0x05, 0x55, 0x00, 0x00, 0x00, 0x00, 0x00, 0x02,
  0x00, 0x00, 0x00, 0x03, 0x00, 0x00, 0x00, 0x14, 0x00, 0x03, 0x00, 0x01,
  0x00, 0x00, 0x01, 0x92, 0x00, 0x04, 0x01, 0x7e, 0x00, 0x00, 0x00, 0x14,
  0x00, 0x10, 0x00, 0x03, 0x00, 0x04, 0x00, 0x7e, 0x00, 0xa9, 0x00, 0xae,
  0x00, 0xd6, 0x00, 0xe7, 0x01, 0x78, 0x20, 0x19, 0x20, 0x1d, 0x21, 0x22,
  0xff, 0xff, 0x00, 0x00, 0x00, 0x20, 0x00, 0xa9, 0x00, 0xae, 0x00, 0xc0,
  0x00, 0xd8, 0x01, 0x78, 0x20, 0x18, 0x20, 0x1c, 0x21, 0x22, 0xff, 0xff,
  0xff, 0xe1, 0xff, 0xb7, 0xff, 0xb3, 0xff, 0xa2, 0xff, 0xa1, 0xff, 0x11,
  0xe0, 0x72, 0xe0, 0x70, 0xdf, 0x6c, 0x00, 0x01, 0x00, 0x00, 0x00, 0x00,
  0x00, 0x00, 0x00, 0x00, 0x00, 0x00, 0x00, 0x00, 0x00, 0x00, 0x00, 0x00,
  0x00, 0x00, 0x00, 0x00, 0x00, 0x00, 0x00, 0x00, 0x00, 0x00, 0x00, 0x00,
  0x00, 0x00, 0x00, 0x00, 0x00, 0x00, 0x00, 0x00, 0x00, 0x00, 0x00, 0x00,
  0x00, 0x00, 0x00, 0x00, 0x00, 0x00, 0x00, 0x00, 0x00, 0x00, 0x00, 0x00,
  0x00, 0x00, 0x00, 0x00, 0x00, 0x00, 0x00, 0x00, 0x00, 0x00, 0x00, 0x00,
  0x00, 0x00, 0x00, 0x00, 0x00, 0x00, 0x00, 0x00, 0x00, 0x00, 0x00, 0x00,
  0x00, 0x00, 0x00, 0x00, 0x00, 0x00, 0x00, 0x00, 0x00, 0x00, 0x00, 0x00,
  0x00, 0x00, 0x00, 0x00, 0x00, 0x00, 0x00, 0x00, 0x00, 0x00, 0x00, 0x00,
  0x00, 0x00, 0x00, 0x00, 0x00, 0x00, 0x00, 0x00, 0x00, 0x00, 0x00, 0x00,
  0x00, 0x00, 0x00, 0x00, 0x00, 0x00, 0x00, 0x00, 0x00, 0x00, 0x00, 0x00,
  0x00, 0x00, 0x00, 0x00, 0x00, 0x00, 0x00, 0x00, 0x00, 0x00, 0x00, 0x00,
  0x00, 0x00, 0x00, 0x00, 0x00, 0x00, 0x00, 0x00, 0x00, 0x00, 0x00, 0x00,
  0x00, 0x00, 0x00, 0x00, 0x00, 0x00, 0x00, 0x00, 0x00, 0x00, 0x00, 0x00,
  0x00, 0x00, 0x00, 0x00, 0x00, 0x00, 0x00, 0x00, 0x00, 0x00, 0x00, 0x00,
  0x00, 0x00, 0x00, 0x00, 0x00, 0x00, 0x00, 0x00, 0x00, 0x00, 0x00, 0x00,
  0x00, 0x00, 0x00, 0x00, 0x00, 0x00, 0x00, 0x00, 0x00, 0x00, 0x00, 0x00,
  0x00, 0x00, 0x00, 0x00, 0x00, 0x00, 0x00, 0x00, 0x00, 0x00, 0x00, 0x00,
  0x00, 0x00, 0x00, 0x00, 0x00, 0x00, 0x00, 0x00, 0x00, 0x00, 0x00, 0x00,
  0x00, 0x00, 0x00, 0x00, 0x00, 0x00, 0x00, 0x00, 0x00, 0x00, 0x00, 0x00,
  0x00, 0x00, 0x00, 0x00, 0x00, 0x00, 0x00, 0x00, 0x00, 0x00, 0x00, 0x00,
  0x00, 0x00, 0x00, 0x00, 0x00, 0x00, 0x00, 0x00, 0x00, 0x00, 0x00, 0x00,
  0x00, 0x00, 0x00, 0x00, 0x00, 0x00, 0x00, 0x00, 0x00, 0x00, 0x00, 0x00,
  0x00, 0x00, 0x00, 0x00, 0x00, 0x00, 0x00, 0x00, 0x00, 0x00, 0x00, 0x00,
  0x00, 0x00, 0x00, 0x00, 0x00, 0x00, 0x00, 0x00, 0x00, 0x00, 0x00, 0x00,
  0x00, 0x00, 0x00, 0x00, 0x00, 0x00, 0x00, 0x00, 0x00, 0x00, 0x00, 0x00,
  0x00, 0x00, 0x00, 0x04, 0x01, 0x7e, 0x00, 0x00, 0x00, 0x14, 0x00, 0x10,
  0x00, 0x03, 0x00, 0x04, 0x00, 0x7e, 0x00, 0xa9, 0x00, 0xae, 0x00, 0xd6,
  0x00, 0xe7, 0x01, 0x78, 0x20, 0x19, 0x20, 0x1d, 0x21, 0x22, 0xff, 0xff,
  0x00, 0x00, 0x00, 0x20, 0x00, 0xa9, 0x00, 0xae, 0x00, 0xc0, 0x00, 0xd8,
  0x01, 0x78, 0x20, 0x18, 0x20, 0x1c, 0x21, 0x22, 0xff, 0xff, 0xff, 0xe1,
  0xff, 0xb7, 0xff, 0xb3, 0xff, 0xa2, 0xff, 0xa1, 0xff, 0x11, 0xe0, 0x72,
  0xe0, 0x70, 0xdf, 0x6c, 0x00, 0x01, 0x00, 0x00, 0x00, 0x00, 0x00, 0x00,
  0x00, 0x00, 0x00, 0x00, 0x00, 0x00, 0x00, 0x00, 0x00, 0x00, 0x00, 0x00,
  0x00, 0x00, 0x00, 0x00, 0x00, 0x00, 0x00, 0x00, 0x00, 0x00, 0x00, 0x00,
  0x00, 0x00, 0x00, 0x00, 0x00, 0x00, 0x00, 0x00, 0x00, 0x00, 0x00, 0x00,
  0x00, 0x00, 0x00, 0x00, 0x00, 0x00, 0x00, 0x00, 0x00, 0x00, 0x00, 0x00,
  0x00, 0x00, 0x00, 0x00, 0x00, 0x00, 0x00, 0x00, 0x00, 0x00, 0x00, 0x00,
  0x00, 0x00, 0x00, 0x00, 0x00, 0x00, 0x00, 0x00, 0x00, 0x00, 0x00, 0x00,
  0x00, 0x00, 0x00, 0x00, 0x00, 0x00, 0x00, 0x00, 0x00, 0x00, 0x00, 0x00,
  0x00, 0x00, 0x00, 0x00, 0x00, 0x00, 0x00, 0x00, 0x00, 0x00, 0x00, 0x00,
  0x00, 0x00, 0x00, 0x00, 0x00, 0x00, 0x00, 0x00, 0x00, 0x00, 0x00, 0x00,
  0x00, 0x00, 0x00, 0x00, 0x00, 0x00, 0x00, 0x00, 0x00, 0x00, 0x00, 0x00,
  0x00, 0x00, 0x00, 0x00, 0x00, 0x00, 0x00, 0x00, 0x00, 0x00, 0x00, 0x00,
  0x00, 0x00, 0x00, 0x00, 0x00, 0x00, 0x00, 0x00, 0x00, 0x00, 0x00, 0x00,
  0x00, 0x00, 0x00, 0x00, 0x00, 0x00, 0x00, 0x00, 0x00, 0x00, 0x00, 0x00,
  0x00, 0x00, 0x00, 0x00, 0x00, 0x00, 0x00, 0x00, 0x00, 0x00, 0x00, 0x00,
  0x00, 0x00, 0x00, 0x00, 0x00, 0x00, 0x00, 0x00, 0x00, 0x00, 0x00, 0x00,
  0x00, 0x00, 0x00, 0x00, 0x00, 0x00, 0x00, 0x00, 0x00, 0x00, 0x00, 0x00,
  0x00, 0x00, 0x00, 0x00, 0x00, 0x00, 0x00, 0x00, 0x00, 0x00, 0x00, 0x00,
  0x00, 0x00, 0x00, 0x00, 0x00, 0x00, 0x00, 0x00, 0x00, 0x00, 0x00, 0x00,
  0x00, 0x00, 0x00, 0x00, 0x00, 0x00, 0x00, 0x00, 0x00, 0x00, 0x00, 0x00,
  0x00, 0x00, 0x00, 0x00, 0x00, 0x00, 0x00, 0x00, 0x00, 0x00, 0x00, 0x00,
  0x00, 0x00, 0x00, 0x00, 0x00, 0x00, 0x00, 0x00, 0x00, 0x00, 0x00, 0x00,
  0x00, 0x00, 0x00, 0x00, 0x00, 0x00, 0x00, 0x00, 0x00, 0x00, 0x00, 0x00,
  0x00, 0x00, 0x00, 0x00, 0x00, 0x00, 0x00, 0x00, 0x00, 0x00, 0x00, 0x00,
  0x00, 0x00, 0x00, 0x00, 0x00, 0x00, 0x00, 0x00, 0x00, 0x00, 0x00, 0x00,
  0x00, 0x00, 0x00, 0x00, 0x00, 0x00, 0x00, 0x00, 0x00, 0x00, 0x00, 0x00,
  0x00, 0x00, 0x00, 0x00, 0x00, 0x00, 0x00, 0x78, 0x00, 0x00, 0x00, 0x78,
  0x00, 0x00, 0x00, 0xb0, 0x00, 0x00, 0x00, 0xe8, 0x00, 0x00, 0x01, 0x98,
  0x00, 0x00, 0x02, 0x10, 0x00, 0x00, 0x02, 0xb8, 0x00, 0x00, 0x03, 0x64,
  0x00, 0x00, 0x03, 0x88, 0x00, 0x00, 0x04, 0x04, 0x00, 0x00, 0x04, 0x80,
  0x00, 0x00, 0x04, 0xcc, 0x00, 0x00, 0x05, 0x18, 0x00, 0x00, 0x05, 0x5c,
  0x00, 0x00, 0x05, 0x80, 0x00, 0x00, 0x05, 0xa4, 0x00, 0x00, 0x06, 0x20,
  0x00, 0x00, 0x06, 0x9c, 0x00, 0x00, 0x06, 0xe8, 0x00, 0x00, 0x07, 0x8c,
  0x00, 0x00, 0x08, 0x08, 0x00, 0x00, 0x08, 0x74, 0x00, 0x00, 0x08, 0xd8,
  0x00, 0x00, 0x09, 0x50, 0x00, 0x00, 0x09, 0xd4, 0x00, 0x00, 0x0a, 0x7c,
  0x00, 0x00, 0x0a, 0xe8, 0x00, 0x00, 0x0b, 0x20, 0x00, 0x00, 0x0b, 0x78,
  0x00, 0x00, 0x0c, 0x20, 0x00, 0x00, 0x0c, 0x58, 0x00, 0x00, 0x0d, 0x00,
  0x00, 0x00, 0x0d, 0x4c, 0x00, 0x00, 0x0d, 0xa0, 0x00, 0x00, 0x0d, 0xec,
  0x00, 0x00, 0x0e, 0x4c, 0x00, 0x00, 0x0e, 0x84, 0x00, 0x00, 0x0e, 0xd0,
  0x00, 0x00, 0x0f, 0x1c, 0x00, 0x00, 0x0f, 0x5c, 0x00, 0x00, 0x0f, 0xa8,
  0x00, 0x00, 0x0f, 0xf4, 0x00, 0x00, 0x10, 0x40, 0x00, 0x00, 0x10, 0x8c,
  0x00, 0x00, 0x11, 0x48, 0x00, 0x00, 0x11, 0x74, 0x00, 0x00, 0x11, 0xc0,
  0x00, 0x00, 0x12, 0x38, 0x00, 0x00, 0x12, 0x70, 0x00, 0x00, 0x12, 0xb4,
  0x00, 0x00, 0x13, 0x38, 0x00, 0x00, 0x13, 0x98, 0x00, 0x00, 0x13, 0xe4,
  0x00, 0x00, 0x14, 0x1c, 0x00, 0x00, 0x14, 0x54, 0x00, 0x00, 0x14, 0xd0,
  0x00, 0x00, 0x15, 0x1c, 0x00, 0x00, 0x15, 0xf0, 0x00, 0x00, 0x16, 0x6c,
  0x00, 0x00, 0x16, 0xfc, 0x00, 0x00, 0x17, 0x34, 0x00, 0x00, 0x17, 0xb0,
  0x00, 0x00, 0x17, 0xe8, 0x00, 0x00, 0x18, 0x64, 0x00, 0x00, 0x18, 0x88,
  0x00, 0x00, 0x18, 0xc0, 0x00, 0x00, 0x19, 0x34, 0x00, 0x00, 0x19, 0x78,
  0x00, 0x00, 0x19, 0xb0, 0x00, 0x00, 0x19, 0xf4, 0x00, 0x00, 0x1a, 0x40,
  0x00, 0x00, 0x1a, 0x94, 0x00, 0x00, 0x1a, 0xe0, 0x00, 0x00, 0x1b, 0x20,
  0x00, 0x00, 0x1b, 0x78, 0x00, 0x00, 0x1b, 0xc4, 0x00, 0x00, 0x1c, 0x54,
  0x00, 0x00, 0x1c, 0x94, 0x00, 0x00, 0x1c, 0xe8, 0x00, 0x00, 0x1d, 0x28,
  0x00, 0x00, 0x1d, 0x60, 0x00, 0x00, 0x1d, 0xa4, 0x00, 0x00, 0x1d, 0xe8,
  0x00, 0x00, 0x1e, 0x14, 0x00, 0x00, 0x1e, 0x60, 0x00, 0x00, 0x1e, 0xac,
  0x00, 0x00, 0x1e, 0xe4, 0x00, 0x00, 0x1f, 0x60, 0x00, 0x00, 0x1f, 0xac,
  0x00, 0x00, 0x20, 0x80, 0x00, 0x00, 0x21, 0x28, 0x00, 0x00, 0x21, 0xa0,
  0x00, 0x00, 0x21, 0xec, 0x00, 0x00, 0x22, 0x10, 0x00, 0x00, 0x22, 0x5c,
  0x00, 0x00, 0x22, 0xc0, 0x00, 0x00, 0x22, 0xc0, 0x00, 0x00, 0x22, 0xc0,
  0x00, 0x00, 0x22, 0xe4, 0x00, 0x00, 0x23, 0x44, 0x00, 0x00, 0x23, 0xa4,
  0x00, 0x00, 0x23, 0xf0, 0x00, 0x00, 0x24, 0x3c, 0x00, 0x00, 0x24, 0x60,
  0x00, 0x00, 0x24, 0x84, 0x00, 0x00, 0x24, 0xa8, 0x00, 0x00, 0x24, 0xcc,
  0x00, 0x00, 0x25, 0x04, 0x00, 0x00, 0x25, 0x3c, 0x00, 0x00, 0x25, 0x74,
  0x00, 0x00, 0x25, 0xac, 0x00, 0x00, 0x25, 0xe4, 0x00, 0x00, 0x26, 0x1c,
  0x00, 0x00, 0x26, 0x40, 0x00, 0x00, 0x26, 0x64, 0x00, 0x00, 0x26, 0x88,
  0x00, 0x00, 0x26, 0xac, 0x00, 0x00, 0x26, 0xac, 0x00, 0x00, 0x26, 0xd0,
  0x00, 0x00, 0x26, 0xf4, 0x00, 0x00, 0x27, 0x18, 0x00, 0x00, 0x27, 0x3c,
  0x00, 0x00, 0x27, 0x88, 0x00, 0x00, 0x27, 0xd4, 0x00, 0x00, 0x28, 0x34,
  0x00, 0x00, 0x28, 0x80, 0x00, 0x00, 0x28, 0xa4, 0x00, 0x00, 0x28, 0xc8,
  0x00, 0x00, 0x28, 0xec, 0x00, 0x00, 0x29, 0x10, 0x00, 0x00, 0x29, 0x34,
  0x00, 0x00, 0x29, 0x58, 0x00, 0x00, 0x29, 0x7c, 0x00, 0x00, 0x29, 0xcc,
  0x00, 0x00, 0x2a, 0x1c, 0x00, 0x00, 0x2a, 0x6c, 0x00, 0x00, 0x2a, 0xbc,
  0x00, 0x00, 0x2a, 0xe0, 0x00, 0x00, 0x2b, 0x24, 0x00, 0x00, 0x2b, 0x68,
  0x00, 0x00, 0x2b, 0xe0, 0x00, 0x00, 0x2c, 0x58, 0x00, 0x00, 0x2c, 0x58,
  0x00, 0x05, 0x00, 0x00, 0x00, 0x00, 0x04, 0xc9, 0x06, 0x38, 0x00, 0x02,
  0x00, 0x06, 0x00, 0x0a, 0x00, 0x0e, 0x00, 0x12, 0x00, 0x00, 0x01, 0x01,
  0x01, 0x01, 0x01, 0x01, 0x01, 0x01, 0x01, 0x01, 0x01, 0x01, 0x01, 0x01,
  0x01, 0x01, 0x01, 0x01, 0x01, 0x04, 0x84, 0xfd, 0xe0, 0xfd, 0xe1, 0xff,
  0xed, 0x02, 0x1f, 0xfd, 0xe1, 0x00, 0x00, 0x04, 0x65, 0x00, 0x00, 0xfd,
  0xe0, 0x02, 0x20, 0xfd, 0xcd, 0x02, 0x20, 0xfb, 0xc1, 0x02, 0x1f, 0xfd,
  0x9c, 0x00, 0x00, 0x04, 0xc9, 0x00, 0x00, 0x00, 0x32, 0x02, 0xd7, 0xfd,
  0x29, 0x00, 0x13, 0x02, 0xd7, 0x02, 0xd7, 0xfa, 0x52, 0x00, 0x00, 0x05,
  0xae, 0xfd, 0x29, 0xfd, 0x29, 0x02, 0xea, 0x02, 0xd7, 0x00, 0x00, 0xfd,
  0x29, 0xfc, 0xd1, 0x06, 0x38, 0x00, 0x00, 0xf9, 0xc8, 0x00, 0x00, 0x00,
  0x00, 0x02, 0x00, 0x00, 0x00, 0x00, 0x01, 0xc7, 0x06, 0x38, 0x00, 0x03,
  0x00, 0x07, 0x00, 0x00, 0x01, 0x01, 0x01, 0x01, 0x01, 0x01, 0x01, 0x01,
  0x00, 0x00, 0x00, 0x00, 0x01, 0xc7, 0x00, 0x00, 0xfe, 0x39, 0x00, 0x00,
  0x01, 0xc7, 0x00, 0x00, 0x00, 0x00, 0x01, 0xc7, 0x00, 0x00, 0xfe, 0x39,
  0x02, 0xaa, 0x03, 0x8e, 0x00, 0x00, 0xfc, 0x72, 0x00, 0x02, 0x00, 0xe3,
  0x04, 0x71, 0x03, 0x8e, 0x06, 0x38, 0x00, 0x03, 0x00, 0x07, 0x00, 0x00,
  0x01, 0x01, 0x01, 0x01, 0x01, 0x01, 0x01, 0x01, 0x00, 0xe3, 0x00, 0x00,
  0x00, 0xe4, 0x00, 0x00, 0x00, 0xe3, 0x00, 0x00, 0x00, 0xe4, 0x00, 0x00,
  0x04, 0x71, 0x01, 0xc7, 0x00, 0x00, 0xfe, 0x39, 0x00, 0x00, 0x01, 0xc7,
  0x00, 0x00, 0xfe, 0x39, 0x00, 0x02, 0x00, 0x00, 0x00, 0x00, 0x04, 0x71,
  0x06, 0x38, 0x00, 0x03, 0x00, 0x1f, 0x00, 0x00, 0x01, 0x01, 0x01, 0x01,
  0x01, 0x01, 0x01, 0x01, 0x01, 0x01, 0x01, 0x01, 0x01, 0x01, 0x01, 0x01,
  0x01, 0x01, 0x01, 0x01, 0x01, 0x01, 0x01, 0x01, 0x01, 0x01, 0x01, 0x01,
  0x01, 0x01, 0x01, 0x01, 0x02, 0xaa, 0x00, 0x00, 0xff, 0x1d, 0x00, 0x00,
  0xff, 0x1c, 0x00, 0x00, 0xff, 0x1d, 0x00, 0x00, 0x00, 0xe3, 0x00, 0x00,
  0xff, 0x1d, 0x00, 0x00, 0x00, 0xe3, 0x00, 0x00, 0x00, 0xe4, 0x00, 0x00,
  0x00, 0xe3, 0x00, 0x00, 0x00, 0xe4, 0x00, 0x00, 0x00, 0xe3, 0x00, 0x00,
  0xff, 0x1d, 0x00, 0x00, 0x00, 0xe3, 0x00, 0x00, 0xff, 0x1d, 0x00, 0x00,
  0xff, 0x1c, 0x00, 0x00, 0xff, 0x1d, 0x00, 0x00, 0x02, 0xaa, 0x00, 0xe4,
  0x00, 0x00, 0xff, 0x1c, 0xfd, 0x56, 0x01, 0xc7, 0x00, 0x00, 0x00, 0xe3,
  0x00, 0x00, 0x00, 0xe4, 0x00, 0x00, 0x00, 0xe3, 0x00, 0x00, 0x01, 0xc7,
  0x00, 0x00, 0xfe, 0x39, 0x00, 0x00, 0x01, 0xc7, 0x00, 0x00, 0xfe, 0x39,
  0x00, 0x00, 0xff, 0x1d, 0x00, 0x00, 0xff, 0x1c, 0x00, 0x00, 0xff, 0x1d,
  0x00, 0x00, 0xfe, 0x39, 0x00, 0x00, 0x01, 0xc7, 0x00, 0x00, 0xfe, 0x39,
  0x00, 0x03, 0x00, 0x00, 0x00, 0x00, 0x04, 0x71, 0x06, 0x38, 0x00, 0x03,
  0x00, 0x07, 0x00, 0x13, 0x00, 0x00, 0x01, 0x01, 0x01, 0x01, 0x01, 0x01,
  0x01, 0x01, 0x01, 0x01, 0x01, 0x01, 0x01, 0x01, 0x01, 0x01, 0x01, 0x01,
  0x01, 0x01, 0x03, 0x8e, 0x00, 0x00, 0xff, 0x1c, 0x00, 0x00, 0xff, 0x1d,
  0x00, 0x00, 0xff, 0x1c, 0x00, 0x00, 0xff, 0x1d, 0x00, 0x00, 0x01, 0xc7,
  0x00, 0x00, 0xfe, 0x39, 0x00, 0x00, 0x04, 0x71, 0x00, 0x00, 0xfe, 0x39,
  0x00, 0x00, 0x01, 0xc7, 0x00, 0x00, 0x00, 0xe3, 0x01, 0xc7, 0x00, 0x00,
  0xfe, 0x39, 0x02, 0xab, 0x01, 0xc7, 0x00, 0x00, 0xfe, 0x39, 0xfc, 0x72,
  0x00, 0xe3, 0x00, 0x00, 0x01, 0xc7, 0x00, 0x00, 0x03, 0x8e, 0x00, 0x00,
  0xff, 0x1d, 0x00, 0x00, 0xfe, 0x39, 0x00, 0x00, 0xfc, 0x72, 0x00, 0x00,
  0x00, 0x07, 0x00, 0x00, 0x00, 0x00, 0x04, 0x71, 0x06, 0x38, 0x00, 0x03,
  0x00, 0x07, 0x00, 0x0b, 0x00, 0x0f, 0x00, 0x13, 0x00, 0x17, 0x00, 0x1b,
  0x00, 0x00, 0x01, 0x01, 0x01, 0x01, 0x01, 0x01, 0x01, 0x01, 0x01, 0x01,
  0x01, 0x01, 0x01, 0x01, 0x01, 0x01, 0x01, 0x01, 0x01, 0x01, 0x01, 0x01,
  0x01, 0x01, 0x01, 0x01, 0x01, 0x01, 0x00, 0x00, 0x00, 0x00, 0x00, 0xe3,
  0x00, 0x00, 0x01, 0xc7, 0x00, 0x00, 0x01, 0xc7, 0x00, 0x00, 0xfc, 0x72,
  0x00, 0x00, 0x00, 0xe4, 0x00, 0x00, 0x00, 0x00, 0x00, 0x00, 0x00, 0xe3,
  0x00, 0x00, 0x00, 0x00, 0x00, 0x00, 0x00, 0xe4, 0x00, 0x00, 0xfc, 0x72,
  0x00, 0x00, 0x01, 0xc7, 0x00, 0x00, 0x01, 0xc7, 0x00, 0x00, 0x00, 0xe3,
  0x00, 0x00, 0x00, 0x00, 0x01, 0xc7, 0x00, 0x00, 0xfe, 0x39, 0x00, 0x00,
  0x01, 0xc7, 0x00, 0x00, 0xfe, 0x39, 0x01, 0xc7, 0x00, 0xe3, 0x00, 0x00,
  0xff, 0x1d, 0x00, 0xe3, 0x00, 0xe4, 0x00, 0x00, 0xff, 0x1c, 0x00, 0xe4,
  0x00, 0xe3, 0x00, 0x00, 0xff, 0x1d, 0x00, 0xe3, 0x01, 0xc7, 0x00, 0x00,
  0xfe, 0x39, 0x00, 0x00, 0x01, 0xc7, 0x00, 0x00, 0xfe, 0x39, 0x00, 0x00,
  0x00, 0x05, 0x00, 0x00, 0x00, 0x00, 0x04, 0x71, 0x06, 0x38, 0x00, 0x03,
  0x00, 0x07, 0x00, 0x0b, 0x00, 0x0f, 0x00, 0x1d, 0x00, 0x00, 0x01, 0x01,
  0x01, 0x01, 0x01, 0x01, 0x01, 0x01, 0x01, 0x01, 0x01, 0x01, 0x01, 0x01,
  0x01, 0x01, 0x01, 0x01, 0x01, 0x01, 0x01, 0x01, 0x01, 0x01, 0x01, 0x01,
  0x01, 0x01, 0x01, 0x01, 0x03, 0x8e, 0x00, 0x00, 0x00, 0xe3, 0x00, 0x00,
  0xfe, 0x39, 0x00, 0x00, 0x00, 0xe4, 0x00, 0x00, 0xfe, 0x39, 0x00, 0x00,
  0x00, 0xe3, 0x00, 0x00, 0x00, 0xe4, 0x00, 0x00, 0x00, 0xe3, 0x00, 0x00,
  0xfb, 0x8f, 0x00, 0x00, 0x02, 0xaa, 0x00, 0x00, 0xff, 0x1d, 0x00, 0x00,
  0xff, 0x1c, 0x00, 0x00, 0x00, 0xe4, 0x00, 0x00, 0xff, 0x1c, 0x00, 0x00,
  0x01, 0xc7, 0x00, 0x00, 0x00, 0x00, 0x00, 0xe3, 0x00, 0x00, 0xff, 0x1d,
  0x00, 0xe3, 0x00, 0xe4, 0x00, 0x00, 0xff, 0x1c, 0x00, 0xe4, 0x00, 0xe3,
  0x00, 0x00, 0xff, 0x1d, 0x00, 0x00, 0x00, 0xe3, 0x00, 0x00, 0xff, 0x1d,
  0xfe, 0x39, 0x06, 0x38, 0x00, 0x00, 0xfd, 0x56, 0x00, 0x00, 0x01, 0xc7,
  0x00, 0x00, 0xfe, 0x39, 0x00, 0x00, 0xff, 0x1c, 0x00, 0x00, 0xfe, 0x39,
  0x00, 0x00, 0xff, 0x1d, 0x00, 0x01, 0x01, 0xc7, 0x04, 0x71, 0x02, 0xaa,
  0x06, 0x38, 0x00, 0x03, 0x00, 0x00, 0x01, 0x01, 0x01, 0x01, 0x01, 0xc7,
  0x00, 0x00, 0x00, 0xe3, 0x00, 0x00, 0x04, 0x71, 0x01, 0xc7, 0x00, 0x00,
  0xfe, 0x39, 0x00, 0x00, 0x00, 0x05, 0x01, 0xc7, 0x00, 0x00, 0x04, 0x71,
  0x06, 0x38, 0x00, 0x03, 0x00, 0x07, 0x00, 0x0b, 0x00, 0x0f, 0x00, 0x13,
  0x00, 0x00, 0x01, 0x01, 0x01, 0x01, 0x01, 0x01, 0x01, 0x01, 0x01, 0x01,
  0x01, 0x01, 0x01, 0x01, 0x01, 0x01, 0x01, 0x01, 0x01, 0x01, 0x03, 0x8e,
  0x00, 0x00, 0x00, 0xe3, 0x00, 0x00, 0xfe, 0x39, 0x00, 0x00, 0x00, 0xe4,
  0x00, 0x00, 0xfe, 0x39, 0x00, 0x00, 0x00, 0xe3, 0x00, 0x00, 0x00, 0x00,
  0x00, 0x00, 0x00, 0xe4, 0x00, 0x00, 0x00, 0x00, 0x00, 0x00, 0x00, 0xe3,
  0x00, 0x00, 0x00, 0x00, 0x00, 0xe3, 0x00, 0x00, 0xff, 0x1d, 0x00, 0xe3,
  0x00, 0xe4, 0x00, 0x00, 0xff, 0x1c, 0x00, 0xe4, 0x02, 0xaa, 0x00, 0x00,
  0xfd, 0x56, 0x02, 0xaa, 0x00, 0xe4, 0x00, 0x00, 0xff, 0x1c, 0x00, 0xe4,
  0x00, 0xe3, 0x00, 0x00, 0xff, 0x1d, 0x00, 0x00, 0x00, 0x05, 0x00, 0x00,
  0x00, 0x00, 0x02, 0xaa, 0x06, 0x38, 0x00, 0x03, 0x00, 0x07, 0x00, 0x0b,
  0x00, 0x0f, 0x00, 0x13, 0x00, 0x00, 0x01, 0x01, 0x01, 0x01, 0x01, 0x01,
  0x01, 0x01, 0x01, 0x01, 0x01, 0x01, 0x01, 0x01, 0x01, 0x01, 0x01, 0x01,
  0x01, 0x01, 0x00, 0x00, 0x00, 0x00, 0x00, 0xe3, 0x00, 0x00, 0x00, 0x00,
  0x00, 0x00, 0x00, 0xe4, 0x00, 0x00, 0x00, 0x00, 0x00, 0x00, 0x00, 0xe3,
  0x00, 0x00, 0xfe, 0x39, 0x00, 0x00, 0x00, 0xe4, 0x00, 0x00, 0xfe, 0x39,
  0x00, 0x00, 0x00, 0xe3, 0x00, 0x00, 0x00, 0x00, 0x00, 0xe3, 0x00, 0x00,
  0xff, 0x1d, 0x00, 0xe3, 0x00, 0xe4, 0x00, 0x00, 0xff, 0x1c, 0x00, 0xe4,
  0x02, 0xaa, 0x00, 0x00, 0xfd, 0x56, 0x02, 0xaa, 0x00, 0xe4, 0x00, 0x00,
  0xff, 0x1c, 0x00, 0xe4, 0x00, 0xe3, 0x00, 0x00, 0xff, 0x1d, 0x00, 0x00,
  0x00, 0x01, 0x00, 0xe3, 0x03, 0x8e, 0x03, 0x8e, 0x06, 0x38, 0x00, 0x0b,
  0x00, 0x00, 0x01, 0x01, 0x01, 0x01, 0x01, 0x01, 0x01, 0x01, 0x01, 0x01,
  0x01, 0x01, 0x01, 0xc7, 0x00, 0x00, 0xff, 0x1c, 0x00, 0x00, 0x00, 0xe4,
  0x00, 0x00, 0x00, 0xe3, 0x00, 0x00, 0x00, 0xe4, 0x00, 0x00, 0xff, 0x1c,
  0x00, 0x00, 0x03, 0x8e, 0x00, 0xe3, 0x00, 0x00, 0x00, 0xe4, 0x00, 0x00,
  0x00, 0xe3, 0x00, 0x00, 0xff, 0x1d, 0x00, 0x00, 0xff, 0x1c, 0x00, 0x00,
  0xff, 0x1d, 0x00, 0x00, 0x00, 0x01, 0x00, 0x00, 0x00, 0x00, 0x04, 0x71,
  0x06, 0x38, 0x00, 0x0b, 0x00, 0x00, 0x01, 0x01, 0x01, 0x01, 0x01, 0x01,
  0x01, 0x01, 0x01, 0x01, 0x01, 0x01, 0x01, 0xc7, 0x00, 0x00, 0xfe, 0x39,
  0x00, 0x00, 0x01, 0xc7, 0x00, 0x00, 0x00, 0xe3, 0x00, 0x00, 0x01, 0xc7,
  0x00, 0x00, 0xfe, 0x39, 0x00, 0x00, 0x00, 0x00, 0x02, 0xaa, 0x00, 0x00,
  0x00, 0xe4, 0x00, 0x00, 0x02, 0xaa, 0x00, 0x00, 0xfd, 0x56, 0x00, 0x00,
  0xff, 0x1c, 0x00, 0x00, 0xfd, 0x56, 0x00, 0x00, 0x00, 0x02, 0x00, 0x00,
  0xfe, 0x39, 0x01, 0xc7, 0x01, 0xc7, 0x00, 0x03, 0x00, 0x09, 0x00, 0x00,
  0x01, 0x01, 0x01, 0x01, 0x01, 0x01, 0x01, 0x01, 0x01, 0x01, 0x00, 0x00,
  0x00, 0x00, 0x00, 0xe3, 0x00, 0x00, 0x00, 0x00, 0x00, 0x00, 0xff, 0x1d,
  0x00, 0x00, 0x01, 0xc7, 0x00, 0x00, 0xfe, 0x39, 0x00, 0xe4, 0x00, 0x00,
  0xff, 0x1c, 0x00, 0xe4, 0x00, 0xe3, 0x00, 0x00, 0x01, 0xc7, 0x00, 0x00,
  0xfd, 0x56, 0x00, 0x00, 0x00, 0x01, 0x00, 0x00, 0x02, 0xaa, 0x04, 0x71,
  0x03, 0x8e, 0x00, 0x03, 0x00, 0x00, 0x01, 0x01, 0x01, 0x01, 0x00, 0x00,
  0x00, 0x00, 0x04, 0x71, 0x00, 0x00, 0x02, 0xaa, 0x00, 0xe4, 0x00, 0x00,
  0xff, 0x1c, 0x00, 0x00, 0x00, 0x01, 0x00, 0x00, 0x00, 0x00, 0x01, 0xc7,
  0x01, 0xc7, 0x00, 0x03, 0x00, 0x00, 0x01, 0x01, 0x01, 0x01, 0x00, 0x00,
  0x00, 0x00, 0x01, 0xc7, 0x00, 0x00, 0x00, 0x00, 0x01, 0xc7, 0x00, 0x00,
  0xfe, 0x39, 0x00, 0x00, 0x00, 0x05, 0x00, 0x00, 0x00, 0x00, 0x04, 0x71,
  0x06, 0x38, 0x00, 0x03, 0x00, 0x07, 0x00, 0x0b, 0x00, 0x0f, 0x00, 0x13,
  0x00, 0x00, 0x01, 0x01, 0x01, 0x01, 0x01, 0x01, 0x01, 0x01, 0x01, 0x01,
  0x01, 0x01, 0x01, 0x01, 0x01, 0x01, 0x01, 0x01, 0x01, 0x01, 0x00, 0x00,
  0x00, 0x00, 0x00, 0xe3, 0x00, 0x00, 0x00, 0x00, 0x00, 0x00, 0x00, 0xe4,
  0x00, 0x00, 0x00, 0x00, 0x00, 0x00, 0x00, 0xe3, 0x00, 0x00, 0x00, 0x00,
  0x00, 0x00, 0x00, 0xe4, 0x00, 0x00, 0x00, 0x00, 0x00, 0x00, 0x00, 0xe3,
  0x00, 0x00, 0x00, 0x00, 0x01, 0xc7, 0x00, 0x00, 0xfe, 0x39, 0x01, 0xc7,
  0x00, 0xe3, 0x00, 0x00, 0xff, 0x1d, 0x00, 0xe3, 0x00, 0xe4, 0x00, 0x00,
  0xff, 0x1c, 0x00, 0xe4, 0x00, 0xe3, 0x00, 0x00, 0xff, 0x1d, 0x00, 0xe3,
  0x01, 0xc7, 0x00, 0x00, 0xfe, 0x39, 0x00, 0x00, 0x00, 0x05, 0x00, 0x00,
  0x00, 0x00, 0x04, 0x71, 0x06, 0x38, 0x00, 0x03, 0x00, 0x07, 0x00, 0x0b,
  0x00, 0x0f, 0x00, 0x13, 0x00, 0x00, 0x01, 0x01, 0x01, 0x01, 0x01, 0x01,
  0x01, 0x01, 0x01, 0x01, 0x01, 0x01, 0x01, 0x01, 0x01, 0x01, 0x01, 0x01,
  0x01, 0x01, 0x00, 0xe3, 0x00, 0x00, 0x02, 0xab, 0x00, 0x00, 0xfe, 0x39,
  0x00, 0x00, 0x00, 0xe3, 0x00, 0x00, 0xfd, 0x56, 0x00, 0x00, 0x00, 0xe3,
  0x00, 0x00, 0x02, 0xab, 0x00, 0x00, 0x00, 0xe3, 0x00, 0x00, 0xfc, 0x72,
  0x00, 0x00, 0x02, 0xab, 0x00, 0x00, 0x00, 0x00, 0x00, 0xe3, 0x00, 0x00,
  0xff, 0x1d, 0x01, 0xc7, 0x02, 0xaa, 0x00, 0x00, 0xfd, 0x56, 0xff, 0x1c,
  0x04, 0x72, 0x00, 0x00, 0xfb, 0x8e, 0x00, 0x00, 0x04, 0x72, 0x00, 0x00,
  0xfb, 0x8e, 0x04, 0x72, 0x00, 0xe3, 0x00, 0x00, 0xff, 0x1d, 0x00, 0x00,
  0x00, 0x01, 0x00, 0x00, 0x00, 0x00, 0x04, 0x71, 0x06, 0x38, 0x00, 0x0b,
  0x00, 0x00, 0x01, 0x01, 0x01, 0x01, 0x01, 0x01, 0x01, 0x01, 0x01, 0x01,
  0x01, 0x01, 0x00, 0x00, 0x00, 0x00, 0x01, 0xc7, 0x00, 0x00, 0xff, 0x1c,
  0x00, 0x00, 0x00, 0xe4, 0x00, 0x00, 0x00, 0xe3, 0x00, 0x00, 0x01, 0xc7,
  0x00, 0x00, 0x00, 0x00, 0x00, 0xe3, 0x00, 0x00, 0x03, 0x8e, 0x00, 0x00,
  0x00, 0xe4, 0x00, 0x00, 0x00, 0xe3, 0x00, 0x00, 0xfa, 0xab, 0x00, 0x00,
  0xff, 0x1d, 0x00, 0x00, 0x00, 0x06, 0x00, 0x00, 0x00, 0x00, 0x04, 0x71,
  0x06, 0x38, 0x00, 0x07, 0x00, 0x0b, 0x00, 0x0f, 0x00, 0x13, 0x00, 0x17,
  0x00, 0x1b, 0x00, 0x00, 0x01, 0x01, 0x01, 0x01, 0x01, 0x01, 0x01, 0x01,
  0x01, 0x01, 0x01, 0x01, 0x01, 0x01, 0x01, 0x01, 0x01, 0x01, 0x01, 0x01,
  0x01, 0x01, 0x01, 0x01, 0x01, 0x01, 0x01, 0x01, 0x00, 0x00, 0x00, 0x00,
  0x00, 0xe3, 0x00, 0x00, 0x00, 0xe4, 0x00, 0x00, 0x02, 0xaa, 0x00, 0x00,
  0xfd, 0x56, 0x00, 0x00, 0x00, 0xe3, 0x00, 0x00, 0x00, 0x00, 0x00, 0x00,
  0x00, 0xe4, 0x00, 0x00, 0xfc, 0x72, 0x00, 0x00, 0x00, 0xe3, 0x00, 0x00,
  0x02, 0xab, 0x00, 0x00, 0x00, 0xe3, 0x00, 0x00, 0xfc, 0x72, 0x00, 0x00,
  0x02, 0xab, 0x00, 0x00, 0x00, 0x00, 0x00, 0xe3, 0x00, 0x00, 0x00, 0xe4,
  0x00, 0x00, 0xff, 0x1c, 0x00, 0x00, 0xff, 0x1d, 0x01, 0xc7, 0x00, 0xe3,
  0x00, 0x00, 0xff, 0x1d, 0x00, 0xe3, 0x00, 0xe4, 0x00, 0x00, 0xff, 0x1c,
  0x01, 0xc7, 0x00, 0xe4, 0x00, 0x00, 0xff, 0x1c, 0xff, 0x1d, 0x01, 0xc7,
  0x00, 0x00, 0xfe, 0x39, 0x01, 0xc7, 0x00, 0xe3, 0x00, 0x00, 0xff, 0x1d,
  0x00, 0x05, 0x00, 0x00, 0x00, 0x00, 0x04, 0x71, 0x06, 0x38, 0x00, 0x03,
  0x00, 0x07, 0x00, 0x0b, 0x00, 0x0f, 0x00, 0x13, 0x00, 0x00, 0x01, 0x01,
  0x01, 0x01, 0x01, 0x01, 0x01, 0x01, 0x01, 0x01, 0x01, 0x01, 0x01, 0x01,
  0x01, 0x01, 0x01, 0x01, 0x01, 0x01, 0x00, 0x00, 0x00, 0x00, 0x03, 0x8e,
  0x00, 0x00, 0x00, 0x00, 0x00, 0x00, 0x00, 0xe3, 0x00, 0x00, 0xfd, 0x56,
  0x00, 0x00, 0x01, 0xc7, 0x00, 0x00, 0x00, 0x00, 0x00, 0x00, 0x00, 0xe3,
  0x00, 0x00, 0xfb, 0x8f, 0x00, 0x00, 0x03, 0x8e, 0x00, 0x00, 0x00, 0x00,
  0x00, 0xe3, 0x00, 0x00, 0xff, 0x1d, 0x00, 0xe3, 0x01, 0xc7, 0x00, 0x00,
  0xfe, 0x39, 0x01, 0xc7, 0x00, 0xe4, 0x00, 0x00, 0xff, 0x1c, 0x00, 0xe4,
  0x01, 0xc7, 0x00, 0x00, 0xfe, 0x39, 0x01, 0xc7, 0x00, 0xe3, 0x00, 0x00,
  0xff, 0x1d, 0x00, 0x00, 0x00, 0x02, 0x00, 0x00, 0x00, 0x00, 0x04, 0x71,
  0x06, 0x38, 0x00, 0x03, 0x00, 0x11, 0x00, 0x00, 0x01, 0x01, 0x01, 0x01,
  0x01, 0x01, 0x01, 0x01, 0x01, 0x01, 0x01, 0x01, 0x01, 0x01, 0x01, 0x01,
  0x01, 0x01, 0x01, 0xc7, 0x00, 0x00, 0x00, 0xe3, 0x00, 0x00, 0x00, 0xe4,
  0x00, 0x00, 0xfc, 0x72, 0x00, 0x00, 0x00, 0xe3, 0x00, 0x00, 0x00, 0xe4,
  0x00, 0x00, 0x01, 0xc7, 0x00, 0x00, 0xff, 0x1c, 0x00, 0x00, 0x01, 0xc7,
  0x00, 0x00, 0x04, 0x71, 0x00, 0xe4, 0x00, 0x00, 0xff, 0x1c, 0xfb, 0x8f,
  0x02, 0xaa, 0x00, 0x00, 0x00, 0xe4, 0x00, 0x00, 0x00, 0xe3, 0x00, 0x00,
  0xff, 0x1d, 0x00, 0x00, 0x01, 0xc7, 0x00, 0x00, 0x00, 0xe3, 0x00, 0x00,
  0xf9, 0xc8, 0x00, 0x00, 0x00, 0x03, 0x00, 0x00, 0x00, 0x00, 0x04, 0x71,
  0x06, 0x38, 0x00, 0x03, 0x00, 0x07, 0x00, 0x0f, 0x00, 0x00, 0x01, 0x01,
  0x01, 0x01, 0x01, 0x01, 0x01, 0x01, 0x01, 0x01, 0x01, 0x01, 0x01, 0x01,
  0x01, 0x01, 0x00, 0x00, 0x00, 0x00, 0x03, 0x8e, 0x00, 0x00, 0x00, 0x00,
  0x00, 0x00, 0x00, 0xe3, 0x00, 0x00, 0xfb, 0x8f, 0x00, 0x00, 0x04, 0x71,
  0x00, 0x00, 0xfc, 0x72, 0x00, 0x00, 0x02, 0xab, 0x00, 0x00, 0x00, 0x00,
  0x00, 0xe3, 0x00, 0x00, 0xff, 0x1d, 0x00, 0xe3, 0x01, 0xc7, 0x00, 0x00,
  0xfe, 0x39, 0x01, 0xc7, 0x03, 0x8e, 0x00, 0x00, 0xff, 0x1d, 0x00, 0x00,
  0xfe, 0x39, 0x00, 0x00, 0xff, 0x1c, 0x00, 0x00, 0x00, 0x04, 0x00, 0x00,
  0x00, 0x00, 0x04, 0x71, 0x06, 0x38, 0x00, 0x03, 0x00, 0x07, 0x00, 0x0f,
  0x00, 0x13, 0x00, 0x00, 0x01, 0x01, 0x01, 0x01, 0x01, 0x01, 0x01, 0x01,
  0x01, 0x01, 0x01, 0x01, 0x01, 0x01, 0x01, 0x01, 0x01, 0x01, 0x01, 0x01,
  0x00, 0xe3, 0x00, 0x00, 0x02, 0xab, 0x00, 0x00, 0x00, 0x00, 0x00, 0x00,
  0x00, 0xe3, 0x00, 0x00, 0xfb, 0x8f, 0x00, 0x00, 0x00, 0xe3, 0x00, 0x00,
  0x02, 0xab, 0x00, 0x00, 0xfd, 0x55, 0x00, 0x00, 0x00, 0x00, 0x00, 0x00,
  0x03, 0x8e, 0x00, 0x00, 0x00, 0x00, 0x00, 0xe3, 0x00, 0x00, 0xff, 0x1d,
  0x00, 0xe3, 0x01, 0xc7, 0x00, 0x00, 0xfe, 0x39, 0x00, 0x00, 0x04, 0x72,
  0x00, 0x00, 0xfe, 0x39, 0x00, 0x00, 0xff, 0x1c, 0x00, 0x00, 0xfe, 0x39,
  0x04, 0x72, 0x00, 0xe3, 0x00, 0x00, 0xff, 0x1d, 0x00, 0x05, 0x00, 0x00,
  0x00, 0x00, 0x04, 0x71, 0x06, 0x38, 0x00, 0x03, 0x00, 0x07, 0x00, 0x0b,
  0x00, 0x0f, 0x00, 0x15, 0x00, 0x00, 0x01, 0x01, 0x01, 0x01, 0x01, 0x01,
  0x01, 0x01, 0x01, 0x01, 0x01, 0x01, 0x01, 0x01, 0x01, 0x01, 0x01, 0x01,
  0x01, 0x01, 0x01, 0x01, 0x00, 0x00, 0x00, 0x00, 0x00, 0xe3, 0x00, 0x00,
  0x00, 0x00, 0x00, 0x00, 0x00, 0xe4, 0x00, 0x00, 0x00, 0x00, 0x00, 0x00,
  0x00, 0xe3, 0x00, 0x00, 0x00, 0x00, 0x00, 0x00, 0x00, 0xe4, 0x00, 0x00,
  0x00, 0x00, 0x00, 0x00, 0xfc, 0x72, 0x00, 0x00, 0x04, 0x71, 0x00, 0x00,
  0x00, 0x00, 0x00, 0xe3, 0x00, 0x00, 0xff, 0x1d, 0x00, 0xe3, 0x00, 0xe4,
  0x00, 0x00, 0xff, 0x1c, 0x00, 0xe4, 0x00, 0xe3, 0x00, 0x00, 0xff, 0x1d,
  0x00, 0xe3, 0x00, 0xe4, 0x00, 0x00, 0xff, 0x1c, 0x00, 0xe4, 0x01, 0xc7,
  0x00, 0x00, 0x00, 0xe3, 0x00, 0x00, 0xfd, 0x56, 0x00, 0x07, 0x00, 0x00,
  0x00, 0x00, 0x04, 0x71, 0x06, 0x38, 0x00, 0x03, 0x00, 0x07, 0x00, 0x0b,
  0x00, 0x0f, 0x00, 0x13, 0x00, 0x17, 0x00, 0x1b, 0x00, 0x00, 0x01, 0x01,
  0x01, 0x01, 0x01, 0x01, 0x01, 0x01, 0x01, 0x01, 0x01, 0x01, 0x01, 0x01,
  0x01, 0x01, 0x01, 0x01, 0x01, 0x01, 0x01, 0x01, 0x01, 0x01, 0x01, 0x01,
  0x01, 0x01, 0x00, 0xe3, 0x00, 0x00, 0x02, 0xab, 0x00, 0x00, 0xfc, 0x72,
  0x00, 0x00, 0x00, 0xe3, 0x00, 0x00, 0x02, 0xab, 0x00, 0x00, 0x00, 0xe3,
  0x00, 0x00, 0xfc, 0x72, 0x00, 0x00, 0x02, 0xab, 0x00, 0x00, 0xfc, 0x72,
  0x00, 0x00, 0x00, 0xe3, 0x00, 0x00, 0x02, 0xab, 0x00, 0x00, 0x00, 0xe3,
  0x00, 0x00, 0xfc, 0x72, 0x00, 0x00, 0x02, 0xab, 0x00, 0x00, 0x00, 0x00,
  0x00, 0xe3, 0x00, 0x00, 0xff, 0x1d, 0x00, 0xe3, 0x01, 0xc7, 0x00, 0x00,
  0xfe, 0x39, 0x00, 0x00, 0x01, 0xc7, 0x00, 0x00, 0xfe, 0x39, 0x01, 0xc7,
  0x00, 0xe4, 0x00, 0x00, 0xff, 0x1c, 0x00, 0xe4, 0x01, 0xc7, 0x00, 0x00,
  0xfe, 0x39, 0x00, 0x00, 0x01, 0xc7, 0x00, 0x00, 0xfe, 0x39, 0x01, 0xc7,
  0x00, 0xe3, 0x00, 0x00, 0xff, 0x1d, 0x00, 0x00, 0x00, 0x03, 0x00, 0x00,
  0x00, 0x00, 0x04, 0x71, 0x06, 0x38, 0x00, 0x03, 0x00, 0x0d, 0x00, 0x11,
  0x00, 0x00, 0x01, 0x01, 0x01, 0x01, 0x01, 0x01, 0x01, 0x01, 0x01, 0x01,
  0x01, 0x01, 0x01, 0x01, 0x01, 0x01, 0x01, 0x01, 0x00, 0x00, 0x00, 0x00,
  0x03, 0x8e, 0x00, 0x00, 0x00, 0x00, 0x00, 0x00, 0xfc, 0x72, 0x00, 0x00,
  0x00, 0xe3, 0x00, 0x00, 0x02, 0xab, 0x00, 0x00, 0x00, 0xe3, 0x00, 0x00,
  0xfc, 0x72, 0x00, 0x00, 0x02, 0xab, 0x00, 0x00, 0x00, 0x00, 0x00, 0xe3,
  0x00, 0x00, 0xff, 0x1d, 0x00, 0xe3, 0x01, 0xc7, 0x00, 0x00, 0x02, 0xab,
  0x00, 0x00, 0xfe, 0x39, 0x00, 0x00, 0x01, 0xc7, 0x00, 0x00, 0xfb, 0x8e,
  0x04, 0x72, 0x00, 0xe3, 0x00, 0x00, 0xff, 0x1d, 0x00, 0x02, 0x00, 0xe3,
  0x00, 0x00, 0x02, 0xaa, 0x06, 0x38, 0x00, 0x03, 0x00, 0x07, 0x00, 0x00,
  0x01, 0x01, 0x01, 0x01, 0x01, 0x01, 0x01, 0x01, 0x00, 0xe3, 0x00, 0x00,
  0x01, 0xc7, 0x00, 0x00, 0xfe, 0x39, 0x00, 0x00, 0x01, 0xc7, 0x00, 0x00,
  0x00, 0x00, 0x01, 0xc7, 0x00, 0x00, 0xfe, 0x39, 0x04, 0x71, 0x01, 0xc7,
  0x00, 0x00, 0xfe, 0x39, 0x00, 0x03, 0x00, 0xe3, 0xfe, 0x39, 0x02, 0xaa,
  0x06, 0x38, 0x00, 0x03, 0x00, 0x09, 0x00, 0x0d, 0x00, 0x00, 0x01, 0x01,
  0x01, 0x01, 0x01, 0x01, 0x01, 0x01, 0x01, 0x01, 0x01, 0x01, 0x01, 0x01,
  0x00, 0xe3, 0x00, 0x00, 0x00, 0xe4, 0x00, 0x00, 0x00, 0x00, 0x00, 0x00,
  0xff, 0x1c, 0x00, 0x00, 0x01, 0xc7, 0x00, 0x00, 0xfe, 0x39, 0x00, 0x00,
  0x01, 0xc7, 0x00, 0x00, 0xfe, 0x39, 0x00, 0xe4, 0x00, 0x00, 0xff, 0x1c,
  0x00, 0xe4, 0x00, 0xe3, 0x00, 0x00, 0x01, 0xc7, 0x00, 0x00, 0xfd, 0x56,
  0x05, 0x54, 0x01, 0xc7, 0x00, 0x00, 0xfe, 0x39, 0x00, 0x07, 0x00, 0x00,
  0x00, 0x00, 0x03, 0x8e, 0x06, 0x38, 0x00, 0x03, 0x00, 0x07, 0x00, 0x0b,
  0x00, 0x0f, 0x00, 0x13, 0x00, 0x17, 0x00, 0x1b, 0x00, 0x00, 0x01, 0x01,
  0x01, 0x01, 0x01, 0x01, 0x01, 0x01, 0x01, 0x01, 0x01, 0x01, 0x01, 0x01,
  0x01, 0x01, 0x01, 0x01, 0x01, 0x01, 0x01, 0x01, 0x01, 0x01, 0x01, 0x01,
  0x01, 0x01, 0x02, 0xaa, 0x00, 0x00, 0x00, 0xe4, 0x00, 0x00, 0xfe, 0x39,
  0x00, 0x00, 0x00, 0xe3, 0x00, 0x00, 0xfe, 0x39, 0x00, 0x00, 0x00, 0xe4,
  0x00, 0x00, 0xfe, 0x39, 0x00, 0x00, 0x00, 0xe3, 0x00, 0x00, 0x00, 0x00,
  0x00, 0x00, 0x00, 0xe4, 0x00, 0x00, 0x00, 0x00, 0x00, 0x00, 0x00, 0xe3,
  0x00, 0x00, 0x00, 0x00, 0x00, 0x00, 0x00, 0xe4, 0x00, 0x00, 0x00, 0x00,
  0x00, 0xe3, 0x00, 0x00, 0xff, 0x1d, 0x00, 0xe3, 0x00, 0xe4, 0x00, 0x00,
  0xff, 0x1c, 0x00, 0xe4, 0x00, 0xe3, 0x00, 0x00, 0xff, 0x1d, 0x00, 0xe3,
  0x00, 0xe4, 0x00, 0x00, 0xff, 0x1c, 0x00, 0xe4, 0x00, 0xe3, 0x00, 0x00,
  0xff, 0x1d, 0x00, 0xe3, 0x00, 0xe4, 0x00, 0x00, 0xff, 0x1c, 0x00, 0xe4,
  0x00, 0xe3, 0x00, 0x00, 0xff, 0x1d, 0x00, 0x00, 0x00, 0x02, 0x00, 0x00,
  0x01, 0xc7, 0x04, 0x71, 0x04, 0x71, 0x00, 0x03, 0x00, 0x07, 0x00, 0x00,
  0x01, 0x01, 0x01, 0x01, 0x01, 0x01, 0x01, 0x01, 0x00, 0x00, 0x00, 0x00,
  0x04, 0x71, 0x00, 0x00, 0xfb, 0x8f, 0x00, 0x00, 0x04, 0x71, 0x00, 0x00,
  0x01, 0xc7, 0x00, 0xe3, 0x00, 0x00, 0xff, 0x1d, 0x01, 0xc7, 0x00, 0xe3,
  0x00, 0x00, 0xff, 0x1d, 0x00, 0x07, 0x00, 0xe3, 0x00, 0x00, 0x04, 0x71,
  0x06, 0x38, 0x00, 0x03, 0x00, 0x07, 0x00, 0x0b, 0x00, 0x0f, 0x00, 0x13,
  0x00, 0x17, 0x00, 0x1b, 0x00, 0x00, 0x01, 0x01, 0x01, 0x01, 0x01, 0x01,
  0x01, 0x01, 0x01, 0x01, 0x01, 0x01, 0x01, 0x01, 0x01, 0x01, 0x01, 0x01,
  0x01, 0x01, 0x01, 0x01, 0x01, 0x01, 0x01, 0x01, 0x01, 0x01, 0x00, 0xe3,
  0x00, 0x00, 0x00, 0xe4, 0x00, 0x00, 0x00, 0x00, 0x00, 0x00, 0x00, 0xe3,
  0x00, 0x00, 0x00, 0x00, 0x00, 0x00, 0x00, 0xe4, 0x00, 0x00, 0x00, 0x00,
  0x00, 0x00, 0x00, 0xe3, 0x00, 0x00, 0xfe, 0x39, 0x00, 0x00, 0x00, 0xe4,
  0x00, 0x00, 0xfe, 0x39, 0x00, 0x00, 0x00, 0xe3, 0x00, 0x00, 0xfe, 0x39,
  0x00, 0x00, 0x00, 0xe4, 0x00, 0x00, 0x00, 0x00, 0x00, 0xe3, 0x00, 0x00,
  0xff, 0x1d, 0x00, 0xe3, 0x00, 0xe4, 0x00, 0x00, 0xff, 0x1c, 0x00, 0xe4,
  0x00, 0xe3, 0x00, 0x00, 0xff, 0x1d, 0x00, 0xe3, 0x00, 0xe4, 0x00, 0x00,
  0xff, 0x1c, 0x00, 0xe4, 0x00, 0xe3, 0x00, 0x00, 0xff, 0x1d, 0x00, 0xe3,
  0x00, 0xe4, 0x00, 0x00, 0xff, 0x1c, 0x00, 0xe4, 0x00, 0xe3, 0x00, 0x00,
  0xff, 0x1d, 0x00, 0x00, 0x00, 0x02, 0x00, 0x00, 0x00, 0x00, 0x04, 0x71,
  0x06, 0x38, 0x00, 0x03, 0x00, 0x0b, 0x00, 0x00, 0x01, 0x01, 0x01, 0x01,
  0x01, 0x01, 0x01, 0x01, 0x01, 0x01, 0x01, 0x01, 0x01, 0xc7, 0x00, 0x00,
  0x01, 0xc7, 0x00, 0x00, 0xfe, 0x39, 0x00, 0x00, 0x01, 0xc7, 0x00, 0x00,
  0xfc, 0x72, 0x00, 0x00, 0x04, 0x71, 0x00, 0x00, 0x00, 0x00, 0x01, 0xc7,
  0x00, 0x00, 0xfe, 0x39, 0x02, 0xaa, 0x00, 0xe4, 0x00, 0x00, 0x01, 0xc7,
  0x00, 0x00, 0x00, 0xe3, 0x00, 0x00, 0xfc, 0x72, 0x00, 0x01, 0x00, 0x00,
  0x00, 0x00, 0x04, 0x71, 0x06, 0x38, 0x00, 0x0d, 0x00, 0x00, 0x01, 0x01,
  0x01, 0x01, 0x01, 0x01, 0x01, 0x01, 0x01, 0x01, 0x01, 0x01, 0x01, 0x01,
  0x00, 0x00, 0x00, 0x00, 0x04, 0x71, 0x00, 0x00, 0xfd, 0x56, 0x00, 0x00,
  0x00, 0xe3, 0x00, 0x00, 0x00, 0xe4, 0x00, 0x00, 0xfd, 0x55, 0x00, 0x00,
  0x03, 0x8e, 0x00, 0x00, 0x00, 0x00, 0x06, 0x38, 0x00, 0x00, 0xfb, 0x8f,
  0x00, 0x00, 0x02, 0xaa, 0x00, 0x00, 0xfe, 0x39, 0x00, 0x00, 0x02, 0xab,
  0x00, 0x00, 0xfb, 0x8e, 0x00, 0x00, 0xff, 0x1d, 0x00, 0x02, 0x00, 0x00,
  0x00, 0x00, 0x04, 0x71, 0x06, 0x38, 0x00, 0x03, 0x00, 0x0b, 0x00, 0x00,
  0x01, 0x01, 0x01, 0x01, 0x01, 0x01, 0x01, 0x01, 0x01, 0x01, 0x01, 0x01,
  0x03, 0x8e, 0x00, 0x00, 0xfd, 0x55, 0x00, 0x00, 0xff, 0x1d, 0x00, 0x00,
  0x04, 0x71, 0x00, 0x00, 0xff, 0x1d, 0x00, 0x00, 0xfd, 0x55, 0x00, 0x00,
  0x03, 0x8e, 0x01, 0xc7, 0x00, 0x00, 0xfe, 0x39, 0xfc, 0x72, 0x06, 0x38,
  0x00, 0x00, 0xf9, 0xc8, 0x00, 0x00, 0x02, 0xaa, 0x00, 0x00, 0xfd, 0x56,
  0x00, 0x01, 0x00, 0x00, 0x00, 0x00, 0x04, 0x71, 0x06, 0x38, 0x00, 0x0f,
  0x00, 0x00, 0x01, 0x01, 0x01, 0x01, 0x01, 0x01, 0x01, 0x01, 0x01, 0x01,
  0x01, 0x01, 0x01, 0x01, 0x01, 0x01, 0x00, 0x00, 0x00, 0x00, 0x04, 0x71,
  0x00, 0x00, 0xff, 0x1d, 0x00, 0x00, 0xfd, 0x55, 0x00, 0x00, 0x02, 0xab,
  0x00, 0x00, 0xfd, 0x55, 0x00, 0x00, 0x02, 0xab, 0x00, 0x00, 0x00, 0xe3,
  0x00, 0x00, 0x00, 0x00, 0x06, 0x38, 0x00, 0x00, 0xfd, 0x56, 0x00, 0x00,
  0x01, 0xc7, 0x00, 0x00, 0xfe, 0x39, 0x00, 0x00, 0xff, 0x1c, 0x00, 0x00,
  0xfe, 0x39, 0x00, 0x00, 0x01, 0xc7, 0x00, 0x00, 0xfd, 0x56, 0x00, 0x00,
  0x00, 0x01, 0x00, 0x00, 0x00, 0x00, 0x04, 0x71, 0x06, 0x38, 0x00, 0x07,
  0x00, 0x00, 0x01, 0x01, 0x01, 0x01, 0x01, 0x01, 0x01, 0x01, 0x00, 0x00,
  0x00, 0x00, 0x04, 0x71, 0x00, 0x00, 0xfc, 0x72, 0x00, 0x00, 0x03, 0x8e,
  0x00, 0x00, 0x00, 0x00, 0x06, 0x38, 0x00, 0x00, 0xff, 0x1d, 0x00, 0x00,
  0xfb, 0x8e, 0x00, 0x00, 0xff, 0x1d, 0x00, 0x00, 0x00, 0x02, 0x00, 0x00,
  0x00, 0x00, 0x04, 0x71, 0x06, 0x38, 0x00, 0x03, 0x00, 0x0b, 0x00, 0x00,
  0x01, 0x01, 0x01, 0x01, 0x01, 0x01, 0x01, 0x01, 0x01, 0x01, 0x01, 0x01,
  0x03, 0x8e, 0x00, 0x00, 0x00, 0xe3, 0x00, 0x00, 0xfb, 0x8f, 0x00, 0x00,
  0x03, 0x8e, 0x00, 0x00, 0xfd, 0x55, 0x00, 0x00, 0x02, 0xab, 0x00, 0x00,
  0x00, 0xe3, 0x04, 0x72, 0x00, 0x00, 0xfb, 0x8e, 0xff, 0x1d, 0x06, 0x38,
  0x00, 0x00, 0xff, 0x1d, 0x00, 0x00, 0xfb, 0x8e, 0x00, 0x00, 0xff, 0x1d,
  0x00, 0x01, 0x00, 0x00, 0x00, 0x00, 0x04, 0x71, 0x06, 0x38, 0x00, 0x0b,
  0x00, 0x00, 0x01, 0x01, 0x01, 0x01, 0x01, 0x01, 0x01, 0x01, 0x01, 0x01,
  0x01, 0x01, 0x00, 0x00, 0x00, 0x00, 0x04, 0x71, 0x00, 0x00, 0xfc, 0x72,
  0x00, 0x00, 0x02, 0xab, 0x00, 0x00, 0xfd, 0x55, 0x00, 0x00, 0x03, 0x8e,
  0x00, 0x00, 0x00, 0x00, 0x06, 0x38, 0x00, 0x00, 0xff, 0x1d, 0x00, 0x00,
  0xfe, 0x39, 0x00, 0x00, 0xff, 0x1c, 0x00, 0x00, 0xfe, 0x39, 0x00, 0x00,
  0xff, 0x1d, 0x00, 0x00, 0x00, 0x01, 0x00, 0x00, 0x00, 0x00, 0x04, 0x71,
  0x06, 0x38, 0x00, 0x09, 0x00, 0x00, 0x01, 0x01, 0x01, 0x01, 0x01, 0x01,
  0x01, 0x01, 0x01, 0x01, 0x00, 0x00, 0x00, 0x00, 0x04, 0x71, 0x00, 0x00,
  0xfc, 0x72, 0x00, 0x00, 0x01, 0xc7, 0x00, 0x00, 0xfe, 0x39, 0x00, 0x00,
  0x00, 0x00, 0x06, 0x38, 0x00, 0x00, 0xff, 0x1d, 0x00, 0x00, 0xfe, 0x39,
  0x00, 0x00, 0xff, 0x1c, 0x00, 0x00, 0xfd, 0x56, 0x00, 0x01, 0x00, 0x00,
  0x00, 0x00, 0x04, 0x71, 0x06, 0x38, 0x00, 0x0b, 0x00, 0x00, 0x01, 0x01,
  0x01, 0x01, 0x01, 0x01, 0x01, 0x01, 0x01, 0x01, 0x01, 0x01, 0x00, 0x00,
  0x00, 0x00, 0x04, 0x71, 0x00, 0x00, 0xfc, 0x72, 0x00, 0x00, 0x02, 0xab,
  0x00, 0x00, 0xfe, 0x39, 0x00, 0x00, 0x02, 0xaa, 0x00, 0x00, 0x00, 0x00,
  0x06, 0x38, 0x00, 0x00, 0xff, 0x1d, 0x00, 0x00, 0xfb, 0x8e, 0x00, 0x00,
  0x01, 0xc7, 0x00, 0x00, 0x00, 0xe4, 0x00, 0x00, 0xfc, 0x72, 0x00, 0x00,
  0x00, 0x01, 0x00, 0x00, 0x00, 0x00, 0x04, 0x71, 0x06, 0x38, 0x00, 0x0b,
  0x00, 0x00, 0x01, 0x01, 0x01, 0x01, 0x01, 0x01, 0x01, 0x01, 0x01, 0x01,
  0x01, 0x01, 0x00, 0x00, 0x00, 0x00, 0x00, 0xe3, 0x00, 0x00, 0x02, 0xab,
  0x00, 0x00, 0x00, 0xe3, 0x00, 0x00, 0xff, 0x1d, 0x00, 0x00, 0xfd, 0x55,
  0x00, 0x00, 0x00, 0x00, 0x06, 0x38, 0x00, 0x00, 0xfd, 0x56, 0x00, 0x00,
  0x02, 0xaa, 0x00, 0x00, 0xf9, 0xc8, 0x00, 0x00, 0x02, 0xaa, 0x00, 0x00,
  0xfd, 0x56, 0x00, 0x00, 0x00, 0x01, 0x00, 0x00, 0x00, 0x00, 0x04, 0x71,
  0x06, 0x38, 0x00, 0x0b, 0x00, 0x00, 0x01, 0x01, 0x01, 0x01, 0x01, 0x01,
  0x01, 0x01, 0x01, 0x01, 0x01, 0x01, 0x00, 0x00, 0x00, 0x00, 0x01, 0xc7,
  0x00, 0x00, 0xfe, 0x39, 0x00, 0x00, 0x04, 0x71, 0x00, 0x00, 0xfe, 0x39,
  0x00, 0x00, 0x01, 0xc7, 0x00, 0x00, 0x00, 0x00, 0x00, 0xe3, 0x00, 0x00,
  0x04, 0x72, 0x00, 0x00, 0x00, 0xe3, 0x00, 0x00, 0xff, 0x1d, 0x00, 0x00,
  0xfb, 0x8e, 0x00, 0x00, 0xff, 0x1d, 0x00, 0x00, 0x00, 0x01, 0x00, 0x00,
  0x00, 0x00, 0x04, 0x71, 0x06, 0x38, 0x00, 0x0b, 0x00, 0x00, 0x01, 0x01,
  0x01, 0x01, 0x01, 0x01, 0x01, 0x01, 0x01, 0x01, 0x01, 0x01, 0x00, 0x00,
  0x00, 0x00, 0x00, 0xe3, 0x00, 0x00, 0x00, 0xe4, 0x00, 0x00, 0xfe, 0x39,
  0x00, 0x00, 0x04, 0x71, 0x00, 0x00, 0xfe, 0x39, 0x00, 0x00, 0x00, 0x00,
  0x02, 0xaa, 0x00, 0x00, 0xfe, 0x39, 0x00, 0x00, 0x04, 0x72, 0x00, 0x00,
  0x00, 0xe3, 0x00, 0x00, 0xff, 0x1d, 0x00, 0x00, 0xfa, 0xab, 0x00, 0x00,
  0x00, 0x07, 0x00, 0x00, 0x00, 0x00, 0x04, 0x71, 0x06, 0x38, 0x00, 0x03,
  0x00, 0x07, 0x00, 0x0b, 0x00, 0x0f, 0x00, 0x13, 0x00, 0x1b, 0x00, 0x1f,
  0x00, 0x00, 0x01, 0x01, 0x01, 0x01, 0x01, 0x01, 0x01, 0x01, 0x01, 0x01,
  0x01, 0x01, 0x01, 0x01, 0x01, 0x01, 0x01, 0x01, 0x01, 0x01, 0x01, 0x01,
  0x01, 0x01, 0x01, 0x01, 0x01, 0x01, 0x01, 0x01, 0x01, 0x01, 0x03, 0x8e,
  0x00, 0x00, 0x00, 0xe3, 0x00, 0x00, 0xfe, 0x39, 0x00, 0x00, 0x00, 0xe4,
  0x00, 0x00, 0xfe, 0x39, 0x00, 0x00, 0x00, 0xe3, 0x00, 0x00, 0xff, 0x1d,
  0x00, 0x00, 0x00, 0xe3, 0x00, 0x00, 0x00, 0x00, 0x00, 0x00, 0x00, 0xe4,
  0x00, 0x00, 0xfc, 0x72, 0x00, 0x00, 0x00, 0xe3, 0x00, 0x00, 0x00, 0xe4,
  0x00, 0x00, 0xff, 0x1c, 0x00, 0x00, 0x02, 0xab, 0x00, 0x00, 0x00, 0xe3,
  0x00, 0x00, 0x00, 0x00, 0x00, 0xe3, 0x00, 0x00, 0xff, 0x1d, 0x00, 0xe3,
  0x00, 0xe4, 0x00, 0x00, 0xff, 0x1c, 0x00, 0xe4, 0x00, 0xe3, 0x00, 0x00,
  0xff, 0x1d, 0x01, 0xc7, 0x00, 0xe3, 0x00, 0x00, 0xff, 0x1d, 0x00, 0xe3,
  0x00, 0xe4, 0x00, 0x00, 0xff, 0x1c, 0xfb, 0x8f, 0x06, 0x38, 0x00, 0x00,
  0xfd, 0x56, 0x00, 0x00, 0xff, 0x1c, 0x00, 0x00, 0xfd, 0x56, 0x05, 0x55,
  0x00, 0xe3, 0x00, 0x00, 0xff, 0x1d, 0x00, 0x00, 0x00, 0x01, 0x00, 0x00,
  0x00, 0x00, 0x04, 0x71, 0x06, 0x38, 0x00, 0x05, 0x00, 0x00, 0x01, 0x01,
  0x01, 0x01, 0x01, 0x01, 0x00, 0x00, 0x00, 0x00, 0x00, 0xe3, 0x00, 0x00,
  0x03, 0x8e, 0x00, 0x00, 0x00, 0x00, 0x06, 0x38, 0x00, 0x00, 0xfa, 0xab,
  0x00, 0x00, 0xff, 0x1d, 0x00, 0x01, 0x00, 0x00, 0x00, 0x00, 0x04, 0x71,
  0x06, 0x38, 0x00, 0x0b, 0x00, 0x00, 0x01, 0x01, 0x01, 0x01, 0x01, 0x01,
  0x01, 0x01, 0x01, 0x01, 0x01, 0x01, 0x00, 0x00, 0x00, 0x00, 0x04, 0x71,
  0x00, 0x00, 0xff, 0x1d, 0x00, 0x00, 0xff, 0x1c, 0x00, 0x00, 0xff, 0x1d,
  0x00, 0x00, 0xff, 0x1c, 0x00, 0x00, 0x00, 0x00, 0x06, 0x38, 0x00, 0x00,
  0xf9, 0xc8, 0x00, 0x00, 0x05, 0x55, 0x00, 0x00, 0xfd, 0x55, 0x00, 0x00,
  0x02, 0xab, 0x00, 0x00, 0xfa, 0xab, 0x00, 0x00, 0x00, 0x03, 0x00, 0x00,
  0x00, 0x00, 0x04, 0x71, 0x06, 0x38, 0x00, 0x03, 0x00, 0x0b, 0x00, 0x13,
  0x00, 0x00, 0x01, 0x01, 0x01, 0x01, 0x01, 0x01, 0x01, 0x01, 0x01, 0x01,
  0x01, 0x01, 0x01, 0x01, 0x01, 0x01, 0x01, 0x01, 0x01, 0x01, 0x01, 0xc7,
  0x00, 0x00, 0x00, 0xe3, 0x00, 0x00, 0xfd, 0x56, 0x00, 0x00, 0x00, 0xe3,
  0x00, 0x00, 0x00, 0xe4, 0x00, 0x00, 0xff, 0x1c, 0x00, 0x00, 0x02, 0xab,
  0x00, 0x00, 0xff, 0x1c, 0x00, 0x00, 0x00, 0xe4, 0x00, 0x00, 0x00, 0xe3,
  0x00, 0x00, 0x02, 0xaa, 0x00, 0xe4, 0x00, 0x00, 0xff, 0x1c, 0xfd, 0x56,
  0x06, 0x38, 0x00, 0x00, 0xfe, 0x39, 0x00, 0x00, 0xff, 0x1d, 0x00, 0x00,
  0xfc, 0x72, 0x00, 0x00, 0x01, 0xc7, 0x00, 0x00, 0x00, 0xe3, 0x00, 0x00,
  0x03, 0x8e, 0x00, 0x00, 0xf9, 0xc8, 0x00, 0x00, 0x00, 0x02, 0x00, 0x00,
  0x00, 0x00, 0x04, 0x71, 0x06, 0x38, 0x00, 0x03, 0x00, 0x07, 0x00, 0x00,
  0x01, 0x01, 0x01, 0x01, 0x01, 0x01, 0x01, 0x01, 0x03, 0x8e, 0x00, 0x00,
  0xfd, 0x55, 0x00, 0x00, 0xff, 0x1d, 0x00, 0x00, 0x04, 0x71, 0x00, 0x00,
  0x00, 0xe3, 0x04, 0x72, 0x00, 0x00, 0xfb, 0x8e, 0xff, 0x1d, 0x06, 0x38,
  0x00, 0x00, 0xf9, 0xc8, 0x00, 0x02, 0x00, 0x00, 0x00, 0x00, 0x04, 0x71,
  0x06, 0x38, 0x00, 0x03, 0x00, 0x09, 0x00, 0x00, 0x01, 0x01, 0x01, 0x01,
  0x01, 0x01, 0x01, 0x01, 0x01, 0x01, 0x03, 0x8e, 0x00, 0x00, 0xfd, 0x55,
  0x00, 0x00, 0xff, 0x1d, 0x00, 0x00, 0x04, 0x71, 0x00, 0x00, 0xfc, 0x72,
  0x00, 0x00, 0x03, 0x8e, 0x01, 0xc7, 0x00, 0x00, 0xfe, 0x39, 0xfc, 0x72,
  0x06, 0x38, 0x00, 0x00, 0xfc, 0x72, 0x00, 0x00, 0xfd, 0x56, 0x00, 0x00,
  0x00, 0x04, 0x00, 0x00, 0x00, 0x00, 0x04, 0x71, 0x06, 0x38, 0x00, 0x03,
  0x00, 0x07, 0x00, 0x0b, 0x00, 0x15, 0x00, 0x00, 0x01, 0x01, 0x01, 0x01,
  0x01, 0x01, 0x01, 0x01, 0x01, 0x01, 0x01, 0x01, 0x01, 0x01, 0x01, 0x01,
  0x01, 0x01, 0x01, 0x01, 0x01, 0x01, 0x03, 0x8e, 0x00, 0x00, 0x00, 0xe3,
  0x00, 0x00, 0xfe, 0x39, 0x00, 0x00, 0x00, 0xe4, 0x00, 0x00, 0xfe, 0x39,
  0x00, 0x00, 0x00, 0xe3, 0x00, 0x00, 0xfd, 0x56, 0x00, 0x00, 0x04, 0x71,
  0x00, 0x00, 0xff, 0x1d, 0x00, 0x00, 0xfd, 0x55, 0x00, 0x00, 0x01, 0xc7,
  0x00, 0x00, 0x00, 0x00, 0x00, 0xe3, 0x00, 0x00, 0xff, 0x1d, 0x00, 0xe3,
  0x00, 0xe4, 0x00, 0x00, 0xff, 0x1c, 0x00, 0xe4, 0x00, 0xe3, 0x00, 0x00,
  0xff, 0x1d, 0xfe, 0x39, 0x06, 0x38, 0x00, 0x00, 0xfb, 0x8f, 0x00, 0x00,
  0x03, 0x8e, 0x00, 0x00, 0xfb, 0x8e, 0x00, 0x00, 0xff, 0x1d, 0x00, 0x00,
  0x00, 0x02, 0x00, 0x00, 0x00, 0x00, 0x04, 0x71, 0x06, 0x38, 0x00, 0x03,
  0x00, 0x0f, 0x00, 0x00, 0x01, 0x01, 0x01, 0x01, 0x01, 0x01, 0x01, 0x01,
  0x01, 0x01, 0x01, 0x01, 0x01, 0x01, 0x01, 0x01, 0x03, 0x8e, 0x00, 0x00,
  0x00, 0xe3, 0x00, 0x00, 0xfb, 0x8f, 0x00, 0x00, 0x04, 0x71, 0x00, 0x00,
  0xff, 0x1d, 0x00, 0x00, 0xfd, 0x55, 0x00, 0x00, 0x02, 0xab, 0x00, 0x00,
  0xfd, 0x55, 0x00, 0x00, 0x00, 0x00, 0x02, 0xaa, 0x00, 0x00, 0xfd, 0x56,
  0x00, 0x00, 0x06, 0x38, 0x00, 0x00, 0xfd, 0x56, 0x00, 0x00, 0x01, 0xc7,
  0x00, 0x00, 0xfe, 0x39, 0x00, 0x00, 0xff, 0x1c, 0x00, 0x00, 0xfd, 0x56,
  0x00, 0x01, 0x00, 0x00, 0x00, 0x00, 0x04, 0x71, 0x06, 0x38, 0x00, 0x0b,
  0x00, 0x00, 0x01, 0x01, 0x01, 0x01, 0x01, 0x01, 0x01, 0x01, 0x01, 0x01,
  0x01, 0x01, 0x00, 0x00, 0x00, 0x00, 0x03, 0x8e, 0x00, 0x00, 0xfc, 0x72,
  0x00, 0x00, 0x04, 0x71, 0x00, 0x00, 0xfc, 0x72, 0x00, 0x00, 0x03, 0x8e,
  0x00, 0x00, 0x00, 0x00, 0x00, 0xe3, 0x00, 0x00, 0x01, 0xc7, 0x00, 0x00,
  0x03, 0x8e, 0x00, 0x00, 0xff, 0x1d, 0x00, 0x00, 0xfe, 0x39, 0x00, 0x00,
  0xfc, 0x72, 0x00, 0x00, 0x00, 0x01, 0x00, 0x00, 0x00, 0x00, 0x04, 0x71,
  0x06, 0x38, 0x00, 0x07, 0x00, 0x00, 0x01, 0x01, 0x01, 0x01, 0x01, 0x01,
  0x01, 0x01, 0x01, 0xc7, 0x00, 0x00, 0xfe, 0x39, 0x00, 0x00, 0x04, 0x71,
  0x00, 0x00, 0xfe, 0x39, 0x00, 0x00, 0x00, 0x00, 0x05, 0x55, 0x00, 0x00,
  0x00, 0xe3, 0x00, 0x00, 0xff, 0x1d, 0x00, 0x00, 0xfa, 0xab, 0x00, 0x00,
  0x00, 0x01, 0x00, 0x00, 0x00, 0x00, 0x04, 0x71, 0x06, 0x38, 0x00, 0x07,
  0x00, 0x00, 0x01, 0x01, 0x01, 0x01, 0x01, 0x01, 0x01, 0x01, 0x00, 0x00,
  0x00, 0x00, 0x00, 0xe3, 0x00, 0x00, 0x02, 0xab, 0x00, 0x00, 0x00, 0xe3,
  0x00, 0x00, 0x00, 0x00, 0x06, 0x38, 0x00, 0x00, 0xfa, 0xab, 0x00, 0x00,
  0x05, 0x55, 0x00, 0x00, 0xf9, 0xc8, 0x00, 0x00, 0x00, 0x05, 0x00, 0x00,
  0x00, 0x00, 0x04, 0x71, 0x06, 0x38, 0x00, 0x03, 0x00, 0x07, 0x00, 0x0b,
  0x00, 0x0f, 0x00, 0x13, 0x00, 0x00, 0x01, 0x01, 0x01, 0x01, 0x01, 0x01,
  0x01, 0x01, 0x01, 0x01, 0x01, 0x01, 0x01, 0x01, 0x01, 0x01, 0x01, 0x01,
  0x01, 0x01, 0x01, 0xc7, 0x00, 0x00, 0x00, 0xe3, 0x00, 0x00, 0xfe, 0x39,
  0x00, 0x00, 0x00, 0xe4, 0x00, 0x00, 0x00, 0xe3, 0x00, 0x00, 0x00, 0xe4,
  0x00, 0x00, 0xfc, 0x72, 0x00, 0x00, 0x00, 0xe3, 0x00, 0x00, 0x02, 0xab,
  0x00, 0x00, 0x00, 0xe3, 0x00, 0x00, 0x00, 0x00, 0x00, 0xe3, 0x00, 0x00,
  0xff, 0x1d, 0x00, 0xe3, 0x00, 0xe4, 0x00, 0x00, 0xff, 0x1c, 0x00, 0x00,
  0x00, 0xe4, 0x00, 0x00, 0xff, 0x1c, 0x00, 0xe4, 0x04, 0x71, 0x00, 0x00,
  0xfb, 0x8f, 0x00, 0x00, 0x04, 0x71, 0x00, 0x00, 0xfb, 0x8f, 0x00, 0x00,
  0x00, 0x01, 0x00, 0x00, 0x00, 0x00, 0x04, 0x71, 0x06, 0x38, 0x00, 0x0b,
  0x00, 0x00, 0x01, 0x01, 0x01, 0x01, 0x01, 0x01, 0x01, 0x01, 0x01, 0x01,
  0x01, 0x01, 0x00, 0x00, 0x00, 0x00, 0x00, 0xe3, 0x00, 0x00, 0x00, 0xe4,
  0x00, 0x00, 0x00, 0xe3, 0x00, 0x00, 0x00, 0xe4, 0x00, 0x00, 0x00, 0xe3,
  0x00, 0x00, 0x00, 0x00, 0x06, 0x38, 0x00, 0x00, 0xfa, 0xab, 0x00, 0x00,
  0x03, 0x8e, 0x00, 0x00, 0xfc, 0x72, 0x00, 0x00, 0x05, 0x55, 0x00, 0x00,
  0xf9, 0xc8, 0x00, 0x00, 0x00, 0x09, 0x00, 0x00, 0x00, 0x00, 0x04, 0x71,
  0x06, 0x38, 0x00, 0x03, 0x00, 0x07, 0x00, 0x0b, 0x00, 0x0f, 0x00, 0x13,
  0x00, 0x17, 0x00, 0x1b, 0x00, 0x1f, 0x00, 0x23, 0x00, 0x00, 0x01, 0x01,
  0x01, 0x01, 0x01, 0x01, 0x01, 0x01, 0x01, 0x01, 0x01, 0x01, 0x01, 0x01,
  0x01, 0x01, 0x01, 0x01, 0x01, 0x01, 0x01, 0x01, 0x01, 0x01, 0x01, 0x01,
  0x01, 0x01, 0x01, 0x01, 0x01, 0x01, 0x01, 0x01, 0x01, 0x01, 0x00, 0x00,
  0x00, 0x00, 0x00, 0xe3, 0x00, 0x00, 0x02, 0xab, 0x00, 0x00, 0x00, 0xe3,
  0x00, 0x00, 0xfc, 0x72, 0x00, 0x00, 0x00, 0xe4, 0x00, 0x00, 0x00, 0xe3,
  0x00, 0x00, 0x00, 0xe4, 0x00, 0x00, 0xfe, 0x39, 0x00, 0x00, 0x00, 0xe3,
  0x00, 0x00, 0xfe, 0x39, 0x00, 0x00, 0x00, 0xe4, 0x00, 0x00, 0x00, 0xe3,
  0x00, 0x00, 0x00, 0xe4, 0x00, 0x00, 0xfc, 0x72, 0x00, 0x00, 0x00, 0xe3,
  0x00, 0x00, 0x02, 0xab, 0x00, 0x00, 0x00, 0xe3, 0x00, 0x00, 0x00, 0x00,
  0x00, 0xe3, 0x00, 0x00, 0xff, 0x1d, 0x00, 0x00, 0x00, 0xe3, 0x00, 0x00,
  0xff, 0x1d, 0x00, 0xe3, 0x00, 0xe4, 0x00, 0x00, 0xff, 0x1c, 0x00, 0x00,
  0x00, 0xe4, 0x00, 0x00, 0xff, 0x1c, 0x00, 0xe4, 0x02, 0xaa, 0x00, 0x00,
  0xfd, 0x56, 0x02, 0xaa, 0x00, 0xe4, 0x00, 0x00, 0xff, 0x1c, 0x00, 0x00,
  0x00, 0xe4, 0x00, 0x00, 0xff, 0x1c, 0x00, 0xe4, 0x00, 0xe3, 0x00, 0x00,
  0xff, 0x1d, 0x00, 0x00, 0x00, 0xe3, 0x00, 0x00, 0xff, 0x1d, 0x00, 0x00,
  0x00, 0x05, 0x00, 0x00, 0x00, 0x00, 0x04, 0x71, 0x06, 0x38, 0x00, 0x03,
  0x00, 0x07, 0x00, 0x0b, 0x00, 0x0f, 0x00, 0x13, 0x00, 0x00, 0x01, 0x01,
  0x01, 0x01, 0x01, 0x01, 0x01, 0x01, 0x01, 0x01, 0x01, 0x01, 0x01, 0x01,
  0x01, 0x01, 0x01, 0x01, 0x01, 0x01, 0x01, 0xc7, 0x00, 0x00, 0x00, 0xe3,
  0x00, 0x00, 0xfe, 0x39, 0x00, 0x00, 0x00, 0xe4, 0x00, 0x00, 0x00, 0xe3,
  0x00, 0x00, 0x00, 0xe4, 0x00, 0x00, 0xfc, 0x72, 0x00, 0x00, 0x00, 0xe3,
  0x00, 0x00, 0x02, 0xab, 0x00, 0x00, 0x00, 0xe3, 0x00, 0x00, 0x00, 0x00,
  0x04, 0x71, 0x00, 0x00, 0xfb, 0x8f, 0x04, 0x71, 0x00, 0xe4, 0x00, 0x00,
  0xff, 0x1c, 0x00, 0x00, 0x00, 0xe4, 0x00, 0x00, 0xff, 0x1c, 0x00, 0xe4,
  0x00, 0xe3, 0x00, 0x00, 0xff, 0x1d, 0x00, 0x00, 0x00, 0xe3, 0x00, 0x00,
  0xff, 0x1d, 0x00, 0x00, 0x00, 0x05, 0x00, 0x00, 0x00, 0x00, 0x04, 0x71,
  0x06, 0x38, 0x00, 0x05, 0x00, 0x09, 0x00, 0x0d, 0x00, 0x11, 0x00, 0x17,
  0x00, 0x00, 0x01, 0x01, 0x01, 0x01, 0x01, 0x01, 0x01, 0x01, 0x01, 0x01,
  0x01, 0x01, 0x01, 0x01, 0x01, 0x01, 0x01, 0x01, 0x01, 0x01, 0x01, 0x01,
  0x01, 0x01, 0x00, 0x00, 0x00, 0x00, 0x00, 0xe3, 0x00, 0x00, 0x03, 0x8e,
  0x00, 0x00, 0xfc, 0x72, 0x00, 0x00, 0x00, 0xe4, 0x00, 0x00, 0x00, 0x00,
  0x00, 0x00, 0x00, 0xe3, 0x00, 0x00, 0x00, 0x00, 0x00, 0x00, 0x00, 0xe4,
  0x00, 0x00, 0x00, 0x00, 0x00, 0x00, 0xfc, 0x72, 0x00, 0x00, 0x04, 0x71,
  0x00, 0x00, 0x00, 0x00, 0x01, 0xc7, 0x00, 0x00, 0xff, 0x1c, 0x00, 0x00,
  0xff, 0x1d, 0x01, 0xc7, 0x00, 0xe3, 0x00, 0x00, 0xff, 0x1d, 0x00, 0xe3,
  0x00, 0xe4, 0x00, 0x00, 0xff, 0x1c, 0x00, 0xe4, 0x00, 0xe3, 0x00, 0x00,
  0xff, 0x1d, 0x00, 0xe3, 0x00, 0xe4, 0x00, 0x00, 0x00, 0xe3, 0x00, 0x00,
  0xfe, 0x39, 0x00, 0x00, 0x00, 0x01, 0x01, 0xc7, 0x00, 0x00, 0x04, 0x71,
  0x06, 0x38, 0x00, 0x07, 0x00, 0x00, 0x01, 0x01, 0x01, 0x01, 0x01, 0x01,
  0x01, 0x01, 0x01, 0xc7, 0x00, 0x00, 0x02, 0xaa, 0x00, 0x00, 0xfe, 0x39,
  0x00, 0x00, 0x01, 0xc7, 0x00, 0x00, 0x00, 0x00, 0x06, 0x38, 0x00, 0x00,
  0xff, 0x1d, 0x00, 0x00, 0xfb, 0x8e, 0x00, 0x00, 0xff, 0x1d, 0x00, 0x00,
  0x00, 0x05, 0x00, 0x00, 0x00, 0x00, 0x04, 0x71, 0x06, 0x38, 0x00, 0x03,
  0x00, 0x07, 0x00, 0x0b, 0x00, 0x0f, 0x00, 0x13, 0x00, 0x00, 0x01, 0x01,
  0x01, 0x01, 0x01, 0x01, 0x01, 0x01, 0x01, 0x01, 0x01, 0x01, 0x01, 0x01,
  0x01, 0x01, 0x01, 0x01, 0x01, 0x01, 0x03, 0x8e, 0x00, 0x00, 0x00, 0xe3,
  0x00, 0x00, 0xfe, 0x39, 0x00, 0x00, 0x00, 0xe4, 0x00, 0x00, 0xfe, 0x39,
  0x00, 0x00, 0x00, 0xe3, 0x00, 0x00, 0xfe, 0x39, 0x00, 0x00, 0x00, 0xe4,
  0x00, 0x00, 0xfe, 0x39, 0x00, 0x00, 0x00, 0xe3, 0x00, 0x00, 0x00, 0x00,
  0x01, 0xc7, 0x00, 0x00, 0xfe, 0x39, 0x01, 0xc7, 0x00, 0xe3, 0x00, 0x00,
  0xff, 0x1d, 0x00, 0xe3, 0x00, 0xe4, 0x00, 0x00, 0xff, 0x1c, 0x00, 0xe4,
  0x00, 0xe3, 0x00, 0x00, 0xff, 0x1d, 0x00, 0xe3, 0x01, 0xc7, 0x00, 0x00,
  0xfe, 0x39, 0x00, 0x00, 0x00, 0x01, 0x00, 0x00, 0x00, 0x00, 0x02, 0xaa,
  0x06, 0x38, 0x00, 0x07, 0x00, 0x00, 0x01, 0x01, 0x01, 0x01, 0x01, 0x01,
  0x01, 0x01, 0x00, 0x00, 0x00, 0x00, 0x01, 0xc7, 0x00, 0x00, 0xfe, 0x39,
  0x00, 0x00, 0x02, 0xaa, 0x00, 0x00, 0x00, 0x00, 0x00, 0xe3, 0x00, 0x00,
  0x04, 0x72, 0x00, 0x00, 0x00, 0xe3, 0x00, 0x00, 0xf9, 0xc8, 0x00, 0x00,
  0x00, 0x05, 0x00, 0x00, 0x03, 0x8e, 0x04, 0x71, 0x06, 0x38, 0x00, 0x03,
  0x00, 0x07, 0x00, 0x0b, 0x00, 0x0f, 0x00, 0x13, 0x00, 0x00, 0x01, 0x01,
  0x01, 0x01, 0x01, 0x01, 0x01, 0x01, 0x01, 0x01, 0x01, 0x01, 0x01, 0x01,
  0x01, 0x01, 0x01, 0x01, 0x01, 0x01, 0x00, 0x00, 0x00, 0x00, 0x00, 0xe3,
  0x00, 0x00, 0x02, 0xab, 0x00, 0x00, 0x00, 0xe3, 0x00, 0x00, 0xfc, 0x72,
  0x00, 0x00, 0x00, 0xe4, 0x00, 0x00, 0x00, 0xe3, 0x00, 0x00, 0x00, 0xe4,
  0x00, 0x00, 0xfe, 0x39, 0x00, 0x00, 0x00, 0xe3, 0x00, 0x00, 0x03, 0x8e,
  0x00, 0xe3, 0x00, 0x00, 0xff, 0x1d, 0x00, 0x00, 0x00, 0xe3, 0x00, 0x00,
  0xff, 0x1d, 0x00, 0xe3, 0x00, 0xe4, 0x00, 0x00, 0xff, 0x1c, 0x00, 0x00,
  0x00, 0xe4, 0x00, 0x00, 0xff, 0x1c, 0x00, 0xe4, 0x00, 0xe3, 0x00, 0x00,
  0xff, 0x1d, 0x00, 0x00, 0x00, 0x01, 0x00, 0x00, 0x00, 0x00, 0x04, 0x71,
  0x00, 0xe3, 0x00, 0x03, 0x00, 0x00, 0x01, 0x01, 0x01, 0x01, 0x00, 0x00,
  0x00, 0x00, 0x04, 0x71, 0x00, 0x00, 0x00, 0x00, 0x00, 0xe3, 0x00, 0x00,
  0xff, 0x1d, 0x00, 0x00, 0x00, 0x01, 0x03, 0x8e, 0x03, 0x8e, 0x05, 0x55,
  0x06, 0x38, 0x00, 0x07, 0x00, 0x00, 0x01, 0x01, 0x01, 0x01, 0x01, 0x01,
  0x01, 0x01, 0x04, 0x71, 0x00, 0x00, 0xff, 0x1d, 0x00, 0x00, 0x00, 0xe3,
  0x00, 0x00, 0x00, 0xe4, 0x00, 0x00, 0x03, 0x8e, 0x00, 0xe3, 0x00, 0x00,
  0x01, 0xc7, 0x00, 0x00, 0xff, 0x1d, 0x00, 0x00, 0xfe, 0x39, 0x00, 0x00,
  0x00, 0x02, 0x00, 0x00, 0x00, 0x00, 0x04, 0x71, 0x04, 0x71, 0x00, 0x07,
  0x00, 0x13, 0x00, 0x00, 0x01, 0x01, 0x01, 0x01, 0x01, 0x01, 0x01, 0x01,
  0x01, 0x01, 0x01, 0x01, 0x01, 0x01, 0x01, 0x01, 0x01, 0x01, 0x01, 0x01,
  0x00, 0x00, 0x00, 0x00, 0x02, 0xaa, 0x00, 0x00, 0xfe, 0x39, 0x00, 0x00,
  0x01, 0xc7, 0x00, 0x00, 0x00, 0xe4, 0x00, 0x00, 0xff, 0x1c, 0x00, 0x00,
  0x00, 0xe4, 0x00, 0x00, 0xff, 0x1c, 0x00, 0x00, 0x00, 0xe4, 0x00, 0x00,
  0x00, 0xe3, 0x00, 0x00, 0x00, 0x00, 0x04, 0x71, 0x00, 0x00, 0xff, 0x1d,
  0x00, 0x00, 0xfd, 0x55, 0x00, 0x00, 0xff, 0x1d, 0x00, 0x00, 0x00, 0xe3,
  0x00, 0x00, 0x00, 0xe4, 0x00, 0x00, 0x00, 0xe3, 0x00, 0x00, 0x00, 0xe4,
  0x00, 0x00, 0x00, 0xe3, 0x00, 0x00, 0xfb, 0x8f, 0x00, 0x02, 0x00, 0x00,
  0x00, 0x00, 0x04, 0x71, 0x06, 0x38, 0x00, 0x03, 0x00, 0x09, 0x00, 0x00,
  0x01, 0x01, 0x01, 0x01, 0x01, 0x01, 0x01, 0x01, 0x01, 0x01, 0x03, 0x8e,
  0x00, 0x00, 0xfd, 0x55, 0x00, 0x00, 0xff, 0x1d, 0x00, 0x00, 0x00, 0xe3,
  0x00, 0x00, 0x03, 0x8e, 0x00, 0x00, 0x00, 0xe3, 0x02, 0xab, 0x00, 0x00,
  0xfd, 0x55, 0xff, 0x1d, 0x06, 0x38, 0x00, 0x00, 0xfe, 0x39, 0x00, 0x00,
  0xfb, 0x8f, 0x00, 0x00, 0x00, 0x01, 0x00, 0x00, 0x00, 0x00, 0x04, 0x71,
  0x04, 0x71, 0x00, 0x07, 0x00, 0x00, 0x01, 0x01, 0x01, 0x01, 0x01, 0x01,
  0x01, 0x01, 0x00, 0x00, 0x00, 0x00, 0x04, 0x71, 0x00, 0x00, 0xfc, 0x72,
  0x00, 0x00, 0x03, 0x8e, 0x00, 0x00, 0x00, 0x00, 0x04, 0x71, 0x00, 0x00,
  0xff, 0x1d, 0x00, 0x00, 0xfd, 0x55, 0x00, 0x00, 0xff, 0x1d, 0x00, 0x00,
  0x00, 0x02, 0x00, 0x00, 0x00, 0x00, 0x04, 0x71, 0x06, 0x38, 0x00, 0x03,
  0x00, 0x09, 0x00, 0x00, 0x01, 0x01, 0x01, 0x01, 0x01, 0x01, 0x01, 0x01,
  0x01, 0x01, 0x03, 0x8e, 0x00, 0x00, 0xfd, 0x55, 0x00, 0x00, 0xff, 0x1d,
  0x00, 0x00, 0x03, 0x8e, 0x00, 0x00, 0x00, 0xe3, 0x00, 0x00, 0x00, 0xe3,
  0x02, 0xab, 0x00, 0x00, 0xfd, 0x55, 0xff, 0x1d, 0x04, 0x71, 0x00, 0x00,
  0x01, 0xc7, 0x00, 0x00, 0xf9, 0xc8, 0x00, 0x00, 0x00, 0x02, 0x00, 0x00,
  0x00, 0x00, 0x04, 0x71, 0x04, 0x71, 0x00, 0x03, 0x00, 0x0b, 0x00, 0x00,
  0x01, 0x01, 0x01, 0x01, 0x01, 0x01, 0x01, 0x01, 0x01, 0x01, 0x01, 0x01,
  0x03, 0x8e, 0x00, 0x00, 0xfd, 0x55, 0x00, 0x00, 0xff, 0x1d, 0x00, 0x00,
  0x04, 0x71, 0x00, 0x00, 0xfc, 0x72, 0x00, 0x00, 0x03, 0x8e, 0x00, 0x00,
  0x02, 0xaa, 0x00, 0xe4, 0x00, 0x00, 0xff, 0x1c, 0xfd, 0x56, 0x04, 0x71,
  0x00, 0x00, 0xfd, 0x56, 0x00, 0x00, 0xff, 0x1c, 0x00, 0x00, 0xff, 0x1d,
  0x00, 0x01, 0x00, 0x00, 0x00, 0x00, 0x04, 0x71, 0x06, 0x38, 0x00, 0x0d,
  0x00, 0x00, 0x01, 0x01, 0x01, 0x01, 0x01, 0x01, 0x01, 0x01, 0x01, 0x01,
  0x01, 0x01, 0x01, 0x01, 0x01, 0xc7, 0x00, 0x00, 0xfe, 0x39, 0x00, 0x00,
  0x01, 0xc7, 0x00, 0x00, 0x02, 0xaa, 0x00, 0x00, 0xfe, 0x39, 0x00, 0x00,
  0x01, 0xc7, 0x00, 0x00, 0xfe, 0x39, 0x00, 0x00, 0x00, 0x00, 0x03, 0x8e,
  0x00, 0x00, 0x00, 0xe3, 0x00, 0x00, 0x01, 0xc7, 0x00, 0x00, 0xff, 0x1d,
  0x00, 0x00, 0xff, 0x1c, 0x00, 0x00, 0xff, 0x1d, 0x00, 0x00, 0xfc, 0x72,
  0x00, 0x02, 0x00, 0x00, 0xfe, 0x39, 0x04, 0x71, 0x04, 0x71, 0x00, 0x03,
  0x00, 0x0b, 0x00, 0x00, 0x01, 0x01, 0x01, 0x01, 0x01, 0x01, 0x01, 0x01,
  0x01, 0x01, 0x01, 0x01, 0x03, 0x8e, 0x00, 0x00, 0xfd, 0x55, 0x00, 0x00,
  0xff, 0x1d, 0x00, 0x00, 0x03, 0x8e, 0x00, 0x00, 0xfc, 0x72, 0x00, 0x00,
  0x04, 0x71, 0x00, 0x00, 0x00, 0xe3, 0x02, 0xab, 0x00, 0x00, 0xfd, 0x55,
  0xfd, 0x56, 0x00, 0xe4, 0x00, 0x00, 0x00, 0xe3, 0x00, 0x00, 0x04, 0x71,
  0x00, 0x00, 0xf9, 0xc8, 0x00, 0x01, 0x00, 0x00, 0x00, 0x00, 0x04, 0x71,
  0x06, 0x38, 0x00, 0x09, 0x00, 0x00, 0x01, 0x01, 0x01, 0x01, 0x01, 0x01,
  0x01, 0x01, 0x01, 0x01, 0x00, 0x00, 0x00, 0x00, 0x00, 0xe3, 0x00, 0x00,
  0x03, 0x8e, 0x00, 0x00, 0xff, 0x1d, 0x00, 0x00, 0xfd, 0x55, 0x00, 0x00,
  0x00, 0x00, 0x06, 0x38, 0x00, 0x00, 0xfe, 0x39, 0x00, 0x00, 0xfb, 0x8f,
  0x00, 0x00, 0x03, 0x8e, 0x00, 0x00, 0xfc, 0x72, 0x00, 0x02, 0x00, 0x00,
  0x00, 0x00, 0x04, 0x71, 0x06, 0x38, 0x00, 0x09, 0x00, 0x0d, 0x00, 0x00,
  0x01, 0x01, 0x01, 0x01, 0x01, 0x01, 0x01, 0x01, 0x01, 0x01, 0x01, 0x01,
  0x01, 0x01, 0x00, 0x00, 0x00, 0x00, 0x01, 0xc7, 0x00, 0x00, 0xfe, 0x39,
  0x00, 0x00, 0x02, 0xaa, 0x00, 0x00, 0x01, 0xc7, 0x00, 0x00, 0xfd, 0x56,
  0x00, 0x00, 0x00, 0xe3, 0x00, 0x00, 0x00, 0x00, 0x00, 0xe3, 0x00, 0x00,
  0x02, 0xab, 0x00, 0x00, 0x00, 0xe3, 0x00, 0x00, 0xfc, 0x72, 0x00, 0x00,
  0xff, 0x1d, 0x05, 0x55, 0x00, 0xe3, 0x00, 0x00, 0xff, 0x1d, 0x00, 0x00,
  0x00, 0x02, 0x00, 0x00, 0x00, 0x00, 0x04, 0x71, 0x06, 0x38, 0x00, 0x07,
  0x00, 0x0b, 0x00, 0x00, 0x01, 0x01, 0x01, 0x01, 0x01, 0x01, 0x01, 0x01,
  0x01, 0x01, 0x01, 0x01, 0x00, 0x00, 0x00, 0x00, 0x00, 0xe3, 0x00, 0x00,
  0x02, 0xab, 0x00, 0x00, 0x00, 0xe3, 0x00, 0x00, 0xff, 0x1d, 0x00, 0x00,
  0x00, 0xe3, 0x00, 0x00, 0x00, 0x00, 0x02, 0xaa, 0x00, 0x00, 0xfe, 0x39,
  0x00, 0x00, 0x03, 0x8e, 0x00, 0x00, 0xfb, 0x8f, 0x05, 0x55, 0x00, 0xe3,
  0x00, 0x00, 0xff, 0x1d, 0x00, 0x05, 0x00, 0x00, 0x00, 0x00, 0x04, 0x71,
  0x06, 0x38, 0x00, 0x03, 0x00, 0x07, 0x00, 0x0b, 0x00, 0x0f, 0x00, 0x17,
  0x00, 0x00, 0x01, 0x01, 0x01, 0x01, 0x01, 0x01, 0x01, 0x01, 0x01, 0x01,
  0x01, 0x01, 0x01, 0x01, 0x01, 0x01, 0x01, 0x01, 0x01, 0x01, 0x01, 0x01,
  0x01, 0x01, 0x03, 0x8e, 0x00, 0x00, 0x00, 0xe3, 0x00, 0x00, 0xfe, 0x39,
  0x00, 0x00, 0x00, 0xe4, 0x00, 0x00, 0xff, 0x1c, 0x00, 0x00, 0x00, 0xe4,
  0x00, 0x00, 0x00, 0x00, 0x00, 0x00, 0x00, 0xe3, 0x00, 0x00, 0xfb, 0x8f,
  0x00, 0x00, 0x00, 0xe3, 0x00, 0x00, 0x01, 0xc7, 0x00, 0x00, 0xfe, 0x39,
  0x00, 0x00, 0x00, 0x00, 0x00, 0xe3, 0x00, 0x00, 0xff, 0x1d, 0x00, 0xe3,
  0x00, 0xe4, 0x00, 0x00, 0xff, 0x1c, 0x01, 0xc7, 0x00, 0xe4, 0x00, 0x00,
  0xff, 0x1c, 0x00, 0xe4, 0x00, 0xe3, 0x00, 0x00, 0xff, 0x1d, 0xfc, 0x72,
  0x06, 0x38, 0x00, 0x00, 0xfc, 0x72, 0x00, 0x00, 0xff, 0x1d, 0x00, 0x00,
  0xfe, 0x39, 0x00, 0x00, 0x00, 0x01, 0x00, 0x00, 0x00, 0x00, 0x04, 0x71,
  0x06, 0x38, 0x00, 0x09, 0x00, 0x00, 0x01, 0x01, 0x01, 0x01, 0x01, 0x01,
  0x01, 0x01, 0x01, 0x01, 0x00, 0x00, 0x00, 0x00, 0x01, 0xc7, 0x00, 0x00,
  0xfe, 0x39, 0x00, 0x00, 0x02, 0xaa, 0x00, 0x00, 0x01, 0xc7, 0x00, 0x00,
  0x00, 0x00, 0x00, 0xe3, 0x00, 0x00, 0x04, 0x72, 0x00, 0x00, 0x00, 0xe3,
  0x00, 0x00, 0xfa, 0xab, 0x00, 0x00, 0xff, 0x1d, 0x00, 0x01, 0x00, 0x00,
  0x00, 0x00, 0x04, 0x71, 0x05, 0x55, 0x00, 0x0d, 0x00, 0x00, 0x01, 0x01,
  0x01, 0x01, 0x01, 0x01, 0x01, 0x01, 0x01, 0x01, 0x01, 0x01, 0x01, 0x01,
  0x00, 0x00, 0x00, 0x00, 0x00, 0xe3, 0x00, 0x00, 0x03, 0x8e, 0x00, 0x00,
  0xff, 0x1d, 0x00, 0x00, 0xff, 0x1c, 0x00, 0x00, 0xff, 0x1d, 0x00, 0x00,
  0xff, 0x1c, 0x00, 0x00, 0x00, 0x00, 0x05, 0x55, 0x00, 0x00, 0xff, 0x1c,
  0x00, 0x00, 0xfb, 0x8f, 0x00, 0x00, 0x03, 0x8e, 0x00, 0x00, 0xfd, 0x55,
  0x00, 0x00, 0x02, 0xab, 0x00, 0x00, 0xfc, 0x72, 0x00, 0x01, 0x00, 0x00,
  0x00, 0x00, 0x04, 0x71, 0x05, 0x55, 0x00, 0x09, 0x00, 0x00, 0x01, 0x01,
  0x01, 0x01, 0x01, 0x01, 0x01, 0x01, 0x01, 0x01, 0x00, 0x00, 0x00, 0x00,
  0x00, 0xe3, 0x00, 0x00, 0x03, 0x8e, 0x00, 0x00, 0xff, 0x1d, 0x00, 0x00,
  0xfd, 0x55, 0x00, 0x00, 0x00, 0x00, 0x05, 0x55, 0x00, 0x00, 0xff, 0x1c,
  0x00, 0x00, 0xfb, 0x8f, 0x00, 0x00, 0x03, 0x8e, 0x00, 0x00, 0xfc, 0x72,
  0x00, 0x02, 0x00, 0x00, 0x00, 0x00, 0x04, 0x71, 0x04, 0x71, 0x00, 0x03,
  0x00, 0x07, 0x00, 0x00, 0x01, 0x01, 0x01, 0x01, 0x01, 0x01, 0x01, 0x01,
  0x03, 0x8e, 0x00, 0x00, 0xfd, 0x55, 0x00, 0x00, 0xff, 0x1d, 0x00, 0x00,
  0x04, 0x71, 0x00, 0x00, 0x00, 0xe3, 0x02, 0xab, 0x00, 0x00, 0xfd, 0x55,
  0xff, 0x1d, 0x04, 0x71, 0x00, 0x00, 0xfb, 0x8f, 0x00, 0x02, 0x00, 0x00,
  0xfe, 0x39, 0x04, 0x71, 0x04, 0x71, 0x00, 0x03, 0x00, 0x09, 0x00, 0x00,
  0x01, 0x01, 0x01, 0x01, 0x01, 0x01, 0x01, 0x01, 0x01, 0x01, 0x03, 0x8e,
  0x00, 0x00, 0xfd, 0x55, 0x00, 0x00, 0xff, 0x1d, 0x00, 0x00, 0x04, 0x71,
  0x00, 0x00, 0xfc, 0x72, 0x00, 0x00, 0x00, 0xe3, 0x02, 0xab, 0x00, 0x00,
  0xfd, 0x55, 0xfd, 0x56, 0x06, 0x38, 0x00, 0x00, 0xfb, 0x8f, 0x00, 0x00,
  0xfe, 0x39, 0x00, 0x00, 0x00, 0x02, 0x00, 0x00, 0xfe, 0x39, 0x04, 0x71,
  0x04, 0x71, 0x00, 0x03, 0x00, 0x09, 0x00, 0x00, 0x01, 0x01, 0x01, 0x01,
  0x01, 0x01, 0x01, 0x01, 0x01, 0x01, 0x03, 0x8e, 0x00, 0x00, 0xfd, 0x55,
  0x00, 0x00, 0x02, 0xab, 0x00, 0x00, 0xfc, 0x72, 0x00, 0x00, 0x04, 0x71,
  0x00, 0x00, 0x00, 0xe3, 0x02, 0xab, 0x00, 0x00, 0xfd, 0x55, 0xfd, 0x56,
  0x01, 0xc7, 0x00, 0x00, 0x04, 0x71, 0x00, 0x00, 0xf9, 0xc8, 0x00, 0x00,
  0x00, 0x01, 0x00, 0x00, 0x00, 0x00, 0x04, 0x71, 0x04, 0x71, 0x00, 0x05,
  0x00, 0x00, 0x01, 0x01, 0x01, 0x01, 0x01, 0x01, 0x00, 0x00, 0x00, 0x00,
  0x04, 0x71, 0x00, 0x00, 0xfc, 0x72, 0x00, 0x00, 0x00, 0x00, 0x04, 0x71,
  0x00, 0x00, 0xff, 0x1d, 0x00, 0x00, 0xfc, 0x72, 0x00, 0x01, 0x00, 0x00,
  0x00, 0x00, 0x04, 0x71, 0x04, 0x71, 0x00, 0x0b, 0x00, 0x00, 0x01, 0x01,
  0x01, 0x01, 0x01, 0x01, 0x01, 0x01, 0x01, 0x01, 0x01, 0x01, 0x00, 0x00,
  0x00, 0x00, 0x03, 0x8e, 0x00, 0x00, 0xfc, 0x72, 0x00, 0x00, 0x04, 0x71,
  0x00, 0x00, 0xfc, 0x72, 0x00, 0x00, 0x03, 0x8e, 0x00, 0x00, 0x00, 0x00,
  0x00, 0xe3, 0x00, 0x00, 0x00, 0xe4, 0x00, 0x00, 0x02, 0xaa, 0x00, 0x00,
  0xff, 0x1d, 0x00, 0x00, 0xff, 0x1c, 0x00, 0x00, 0xfd, 0x56, 0x00, 0x00,
  0x00, 0x01, 0x00, 0x00, 0x00, 0x00, 0x04, 0x71, 0x06, 0x38, 0x00, 0x0b,
  0x00, 0x00, 0x01, 0x01, 0x01, 0x01, 0x01, 0x01, 0x01, 0x01, 0x01, 0x01,
  0x01, 0x01, 0x01, 0xc7, 0x00, 0x00, 0xfe, 0x39, 0x00, 0x00, 0x01, 0xc7,
  0x00, 0x00, 0x00, 0xe3, 0x00, 0x00, 0x01, 0xc7, 0x00, 0x00, 0xfe, 0x39,
  0x00, 0x00, 0x00, 0x00, 0x03, 0x8e, 0x00, 0x00, 0x00, 0xe3, 0x00, 0x00,
  0x01, 0xc7, 0x00, 0x00, 0xfe, 0x39, 0x00, 0x00, 0xff, 0x1d, 0x00, 0x00,
  0xfc, 0x72, 0x00, 0x00, 0x00, 0x01, 0x00, 0x00, 0x00, 0x00, 0x04, 0x71,
  0x04, 0x71, 0x00, 0x07, 0x00, 0x00, 0x01, 0x01, 0x01, 0x01, 0x01, 0x01,
  0x01, 0x01, 0x00, 0x00, 0x00, 0x00, 0x00, 0xe3, 0x00, 0x00, 0x02, 0xab,
  0x00, 0x00, 0x00, 0xe3, 0x00, 0x00, 0x00, 0x00, 0x04, 0x71, 0x00, 0x00,
  0xfc, 0x72, 0x00, 0x00, 0x03, 0x8e, 0x00, 0x00, 0xfb, 0x8f, 0x00, 0x00,
  0x00, 0x05, 0x00, 0x00, 0x00, 0x00, 0x04, 0x71, 0x04, 0x71, 0x00, 0x03,
  0x00, 0x07, 0x00, 0x0b, 0x00, 0x0f, 0x00, 0x13, 0x00, 0x00, 0x01, 0x01,
  0x01, 0x01, 0x01, 0x01, 0x01, 0x01, 0x01, 0x01, 0x01, 0x01, 0x01, 0x01,
  0x01, 0x01, 0x01, 0x01, 0x01, 0x01, 0x01, 0xc7, 0x00, 0x00, 0x00, 0xe3,
  0x00, 0x00, 0xfe, 0x39, 0x00, 0x00, 0x00, 0xe4, 0x00, 0x00, 0x00, 0xe3,
  0x00, 0x00, 0x00, 0xe4, 0x00, 0x00, 0xfc, 0x72, 0x00, 0x00, 0x00, 0xe3,
  0x00, 0x00, 0x02, 0xab, 0x00, 0x00, 0x00, 0xe3, 0x00, 0x00, 0x00, 0x00,
  0x00, 0xe3, 0x00, 0x00, 0xff, 0x1d, 0x00, 0xe3, 0x00, 0xe4, 0x00, 0x00,
  0xff, 0x1c, 0x00, 0x00, 0x00, 0xe4, 0x00, 0x00, 0xff, 0x1c, 0x00, 0xe4,
  0x02, 0xaa, 0x00, 0x00, 0xfd, 0x56, 0x00, 0x00, 0x02, 0xaa, 0x00, 0x00,
  0xfd, 0x56, 0x00, 0x00, 0x00, 0x01, 0x00, 0x00, 0x00, 0x00, 0x04, 0x71,
  0x04, 0x71, 0x00, 0x0b, 0x00, 0x00, 0x01, 0x01, 0x01, 0x01, 0x01, 0x01,
  0x01, 0x01, 0x01, 0x01, 0x01, 0x01, 0x00, 0x00, 0x00, 0x00, 0x00, 0xe3,
  0x00, 0x00, 0x00, 0xe4, 0x00, 0x00, 0x00, 0xe3, 0x00, 0x00, 0x00, 0xe4,
  0x00, 0x00, 0x00, 0xe3, 0x00, 0x00, 0x00, 0x00, 0x04, 0x71, 0x00, 0x00,
  0xfc, 0x72, 0x00, 0x00, 0x02, 0xab, 0x00, 0x00, 0xfd, 0x55, 0x00, 0x00,
  0x03, 0x8e, 0x00, 0x00, 0xfb, 0x8f, 0x00, 0x00, 0x00, 0x09, 0x00, 0x00,
  0x00, 0x00, 0x04, 0x71, 0x04, 0x71, 0x00, 0x03, 0x00, 0x07, 0x00, 0x0b,
  0x00, 0x0f, 0x00, 0x13, 0x00, 0x17, 0x00, 0x1b, 0x00, 0x1f, 0x00, 0x23,
  0x00, 0x00, 0x01, 0x01, 0x01, 0x01, 0x01, 0x01, 0x01, 0x01, 0x01, 0x01,
  0x01, 0x01, 0x01, 0x01, 0x01, 0x01, 0x01, 0x01, 0x01, 0x01, 0x01, 0x01,
  0x01, 0x01, 0x01, 0x01, 0x01, 0x01, 0x01, 0x01, 0x01, 0x01, 0x01, 0x01,
  0x01, 0x01, 0x00, 0x00, 0x00, 0x00, 0x00, 0xe3, 0x00, 0x00, 0x02, 0xab,
  0x00, 0x00, 0x00, 0xe3, 0x00, 0x00, 0xfc, 0x72, 0x00, 0x00, 0x00, 0xe4,
  0x00, 0x00, 0x00, 0xe3, 0x00, 0x00, 0x00, 0xe4, 0x00, 0x00, 0xfe, 0x39,
  0x00, 0x00, 0x00, 0xe3, 0x00, 0x00, 0xfe, 0x39, 0x00, 0x00, 0x00, 0xe4,
  0x00, 0x00, 0x00, 0xe3, 0x00, 0x00, 0x00, 0xe4, 0x00, 0x00, 0xfc, 0x72,
  0x00, 0x00, 0x00, 0xe3, 0x00, 0x00, 0x02, 0xab, 0x00, 0x00, 0x00, 0xe3,
  0x00, 0x00, 0x00, 0x00, 0x00, 0xe3, 0x00, 0x00, 0xff, 0x1d, 0x00, 0x00,
  0x00, 0xe3, 0x00, 0x00, 0xff, 0x1d, 0x00, 0xe3, 0x00, 0xe4, 0x00, 0x00,
  0xff, 0x1c, 0x00, 0x00, 0x00, 0xe4, 0x00, 0x00, 0xff, 0x1c, 0x00, 0xe4,
  0x00, 0xe3, 0x00, 0x00, 0xff, 0x1d, 0x00, 0xe3, 0x00, 0xe4, 0x00, 0x00,
  0xff, 0x1c, 0x00, 0x00, 0x00, 0xe4, 0x00, 0x00, 0xff, 0x1c, 0x00, 0xe4,
  0x00, 0xe3, 0x00, 0x00, 0xff, 0x1d, 0x00, 0x00, 0x00, 0xe3, 0x00, 0x00,
  0xff, 0x1d, 0x00, 0x00, 0x00, 0x07, 0x00, 0x00, 0x00, 0x00, 0x04, 0x71,
  0x04, 0x71, 0x00, 0x03, 0x00, 0x07, 0x00, 0x0b, 0x00, 0x0f, 0x00, 0x13,
  0x00, 0x17, 0x00, 0x1b, 0x00, 0x00, 0x01, 0x01, 0x01, 0x01, 0x01, 0x01,
  0x01, 0x01, 0x01, 0x01, 0x01, 0x01, 0x01, 0x01, 0x01, 0x01, 0x01, 0x01,
  0x01, 0x01, 0x01, 0x01, 0x01, 0x01, 0x01, 0x01, 0x01, 0x01, 0x00, 0x00,
  0x00, 0x00, 0x00, 0xe3, 0x00, 0x00, 0x00, 0x00, 0x00, 0x00, 0x00, 0xe4,
  0x00, 0x00, 0x00, 0x00, 0x00, 0x00, 0x00, 0xe3, 0x00, 0x00, 0xfe, 0x39,
  0x00, 0x00, 0x00, 0xe4, 0x00, 0x00, 0x00, 0xe3, 0x00, 0x00, 0x00, 0xe4,
  0x00, 0x00, 0xfc, 0x72, 0x00, 0x00, 0x00, 0xe3, 0x00, 0x00, 0x02, 0xab,
  0x00, 0x00, 0x00, 0xe3, 0x00, 0x00, 0x00, 0x00, 0x00, 0xe3, 0x00, 0x00,
  0xff, 0x1d, 0x00, 0xe3, 0x00, 0xe4, 0x00, 0x00, 0xff, 0x1c, 0x00, 0xe4,
  0x00, 0xe3, 0x00, 0x00, 0xff, 0x1d, 0x00, 0xe3, 0x00, 0xe4, 0x00, 0x00,
  0xff, 0x1c, 0x00, 0x00, 0x00, 0xe4, 0x00, 0x00, 0xff, 0x1c, 0x00, 0xe4,
  0x00, 0xe3, 0x00, 0x00, 0xff, 0x1d, 0x00, 0x00, 0x00, 0xe3, 0x00, 0x00,
  0xff, 0x1d, 0x00, 0x00, 0x00, 0x03, 0x00, 0x00, 0x00, 0x00, 0x04, 0x71,
  0x04, 0x71, 0x00, 0x07, 0x00, 0x0b, 0x00, 0x13, 0x00, 0x00, 0x01, 0x01,
  0x01, 0x01, 0x01, 0x01, 0x01, 0x01, 0x01, 0x01, 0x01, 0x01, 0x01, 0x01,
  0x01, 0x01, 0x01, 0x01, 0x01, 0x01, 0x00, 0x00, 0x00, 0x00, 0x00, 0xe3,
  0x00, 0x00, 0x00, 0xe4, 0x00, 0x00, 0x02, 0xaa, 0x00, 0x00, 0xfd, 0x56,
  0x00, 0x00, 0x00, 0xe3, 0x00, 0x00, 0x00, 0x00, 0x00, 0x00, 0xfd, 0x56,
  0x00, 0x00, 0x04, 0x71, 0x00, 0x00, 0xff, 0x1d, 0x00, 0x00, 0x00, 0x00,
  0x00, 0xe3, 0x00, 0x00, 0x00, 0xe4, 0x00, 0x00, 0xff, 0x1c, 0x00, 0x00,
  0xff, 0x1d, 0x01, 0xc7, 0x00, 0xe3, 0x00, 0x00, 0xff, 0x1d, 0x00, 0xe3,
  0x00, 0xe4, 0x00, 0x00, 0x00, 0xe3, 0x00, 0x00, 0xff, 0x1d, 0x00, 0x00,
  0xff, 0x1c, 0x00, 0x00, 0x00, 0x01, 0x01, 0xc7, 0x00, 0x00, 0x04, 0x71,
  0x06, 0x38, 0x00, 0x0b, 0x00, 0x00, 0x01, 0x01, 0x01, 0x01, 0x01, 0x01,
  0x01, 0x01, 0x01, 0x01, 0x01, 0x01, 0x02, 0xaa, 0x00, 0x00, 0xff, 0x1d,
  0x00, 0x00, 0x00, 0xe3, 0x00, 0x00, 0x01, 0xc7, 0x00, 0x00, 0xff, 0x1d,
  0x00, 0x00, 0x00, 0xe3, 0x00, 0x00, 0x00, 0x00, 0x02, 0xaa, 0x00, 0x00,
  0x00, 0xe4, 0x00, 0x00, 0x02, 0xaa, 0x00, 0x00, 0xff, 0x1d, 0x00, 0x00,
  0xfb, 0x8e, 0x00, 0x00, 0xff, 0x1d, 0x00, 0x00, 0x00, 0x01, 0x01, 0xc7,
  0x00, 0x00, 0x02, 0xaa, 0x06, 0x38, 0x00, 0x03, 0x00, 0x00, 0x01, 0x01,
  0x01, 0x01, 0x01, 0xc7, 0x00, 0x00, 0x00, 0xe3, 0x00, 0x00, 0x00, 0x00,
  0x06, 0x38, 0x00, 0x00, 0xf9, 0xc8, 0x00, 0x00, 0x00, 0x01, 0x00, 0x00,
  0x00, 0x00, 0x02, 0xaa, 0x06, 0x38, 0x00, 0x0b, 0x00, 0x00, 0x01, 0x01,
  0x01, 0x01, 0x01, 0x01, 0x01, 0x01, 0x01, 0x01, 0x01, 0x01, 0x00, 0x00,
  0x00, 0x00, 0x00, 0xe3, 0x00, 0x00, 0xff, 0x1d, 0x00, 0x00, 0x01, 0xc7,
  0x00, 0x00, 0x00, 0xe3, 0x00, 0x00, 0xff, 0x1d, 0x00, 0x00, 0x00, 0x00,
  0x00, 0xe3, 0x00, 0x00, 0x04, 0x72, 0x00, 0x00, 0x00, 0xe3, 0x00, 0x00,
  0xfd, 0x56, 0x00, 0x00, 0xff, 0x1c, 0x00, 0x00, 0xfd, 0x56, 0x00, 0x00,
  0x00, 0x04, 0x00, 0xe3, 0x01, 0xc7, 0x04, 0x71, 0x03, 0x8e, 0x00, 0x03,
  0x00, 0x07, 0x00, 0x0b, 0x00, 0x0f, 0x00, 0x00, 0x01, 0x01, 0x01, 0x01,
  0x01, 0x01, 0x01, 0x01, 0x01, 0x01, 0x01, 0x01, 0x01, 0x01, 0x01, 0x01,
  0x00, 0xe3, 0x00, 0x00, 0x00, 0xe4, 0x00, 0x00, 0x00, 0xe3, 0x00, 0x00,
  0x00, 0xe4, 0x00, 0x00, 0xfe, 0x39, 0x00, 0x00, 0x00, 0xe3, 0x00, 0x00,
  0x00, 0xe4, 0x00, 0x00, 0x00, 0xe3, 0x00, 0x00, 0x01, 0xc7, 0x00, 0xe3,
  0x00, 0x00, 0xff, 0x1d, 0x00, 0x00, 0x00, 0xe3, 0x00, 0x00, 0xff, 0x1d,
  0x00, 0xe3, 0x00, 0xe4, 0x00, 0x00, 0xff, 0x1c, 0x00, 0x00, 0x00, 0xe4,
  0x00, 0x00, 0xff, 0x1c, 0x00, 0x01, 0x00, 0x00, 0xfe, 0x39, 0x05, 0x55,
  0x06, 0x38, 0x00, 0x03, 0x00, 0x00, 0x01, 0x01, 0x01, 0x01, 0x00, 0x00,
  0x00, 0x00, 0x05, 0x55, 0x00, 0x00, 0xfe, 0x39, 0x07, 0xff, 0x00, 0x00,
  0xf8, 0x01, 0x00, 0x00, 0x00, 0x01, 0x01, 0xc7, 0x01, 0xc7, 0x05, 0x55,
  0x06, 0x38, 0x00, 0x0f, 0x00, 0x00, 0x01, 0x01, 0x01, 0x01, 0x01, 0x01,
  0x01, 0x01, 0x01, 0x01, 0x01, 0x01, 0x01, 0x01, 0x01, 0x01, 0x01, 0xc7,
  0x00, 0x00, 0x00, 0xe3, 0x00, 0x00, 0x00, 0xe4, 0x00, 0x00, 0x00, 0xe3,
  0x00, 0x00, 0x00, 0xe4, 0x00, 0x00, 0xff, 0x1c, 0x00, 0x00, 0xff, 0x1d,
  0x00, 0x00, 0xff, 0x1c, 0x00, 0x00, 0x01, 0xc7, 0x01, 0xc7, 0x00, 0x00,
  0x00, 0xe3, 0x00, 0x00, 0x00, 0xe4, 0x00, 0x00, 0x00, 0xe3, 0x00, 0x00,
  0xfe, 0x39, 0x00, 0x00, 0xff, 0x1d, 0x00, 0x00, 0xff, 0x1c, 0x00, 0x00,
  0xff, 0x1d, 0x00, 0x00, 0x00, 0x01, 0x01, 0xc7, 0xfe, 0x39, 0x05, 0x55,
  0x02, 0xaa, 0x00, 0x0f, 0x00, 0x00, 0x01, 0x01, 0x01, 0x01, 0x01, 0x01,
  0x01, 0x01, 0x01, 0x01, 0x01, 0x01, 0x01, 0x01, 0x01, 0x01, 0x04, 0x71,
  0x00, 0x00, 0xff, 0x1d, 0x00, 0x00, 0xff, 0x1c, 0x00, 0x00, 0xff, 0x1d,
  0x00, 0x00, 0x00, 0xe3, 0x00, 0x00, 0x00, 0xe4, 0x00, 0x00, 0x00, 0xe3,
  0x00, 0x00, 0x00, 0xe4, 0x00, 0x00, 0xfe, 0x39, 0x00, 0xe4, 0x00, 0x00,
  0x00, 0xe3, 0x00, 0x00, 0x00, 0xe3, 0x00, 0x00, 0x01, 0xc7, 0x00, 0x00,
  0xff, 0x1d, 0x00, 0x00, 0xff, 0x1c, 0x00, 0x00, 0xff, 0x1d, 0x00, 0x00,
  0xfe, 0x39, 0x00, 0x00, 0x00, 0x01, 0x00, 0x00, 0xfe, 0x39, 0x02, 0xaa,
  0x02, 0xaa, 0x00, 0x0b, 0x00, 0x00, 0x01, 0x01, 0x01, 0x01, 0x01, 0x01,
  0x01, 0x01, 0x01, 0x01, 0x01, 0x01, 0x00, 0x00, 0x00, 0x00, 0x00, 0xe3,
  0x00, 0x00, 0x00, 0xe4, 0x00, 0x00, 0x00, 0xe3, 0x00, 0x00, 0xff, 0x1d,
  0x00, 0x00, 0xff, 0x1c, 0x00, 0x00, 0xfe, 0x39, 0x01, 0xc7, 0x00, 0x00,
  0x01, 0xc7, 0x00, 0x00, 0x00, 0xe3, 0x00, 0x00, 0xfe, 0x39, 0x00, 0x00,
  0xfe, 0x3a, 0x00, 0x00, 0xff, 0x1c, 0x00, 0x00, 0x00, 0x01, 0x00, 0x00,
  0x01, 0xc7, 0x02, 0xaa, 0x06, 0x38, 0x00, 0x0b, 0x00, 0x00, 0x01, 0x01,
  0x01, 0x01, 0x01, 0x01, 0x01, 0x01, 0x01, 0x01, 0x01, 0x01, 0x01, 0xc7,
  0x00, 0x00, 0xff, 0x1c, 0x00, 0x00, 0xff, 0x1d, 0x00, 0x00, 0x00, 0xe3,
  0x00, 0x00, 0x00, 0xe4, 0x00, 0x00, 0x00, 0xe3, 0x00, 0x00, 0x01, 0xc7,
  0x00, 0xe3, 0x00, 0x00, 0x01, 0xc7, 0x00, 0x00, 0x01, 0xc7, 0x00, 0x00,
  0xff, 0x1d, 0x00, 0x00, 0xfe, 0x39, 0x00, 0x00, 0xfe, 0x39, 0x00, 0x00,
  0x00, 0x01, 0x01, 0xc7, 0xfe, 0x39, 0x02, 0xaa, 0x02, 0xaa, 0x00, 0x03,
  0x00, 0x00, 0x01, 0x01, 0x01, 0x01, 0x01, 0xc7, 0x00, 0x00, 0x00, 0xe3,
  0x00, 0x00, 0xfe, 0x39, 0x04, 0x71, 0x00, 0x00, 0xfb, 0x8f, 0x00, 0x00,
  0x00, 0x01, 0x00, 0x00, 0x01, 0xc7, 0x02, 0xaa, 0x02, 0xaa, 0x00, 0x03,
  0x00, 0x00, 0x01, 0x01, 0x01, 0x01, 0x00, 0x00, 0x00, 0x00, 0x02, 0xaa,
  0x00, 0x00, 0x01, 0xc7, 0x00, 0xe3, 0x00, 0x00, 0xff, 0x1d, 0x00, 0x00,
  0x00, 0x01, 0x01, 0xc7, 0x01, 0xc7, 0x02, 0xaa, 0x06, 0x38, 0x00, 0x03,
  0x00, 0x00, 0x01, 0x01, 0x01, 0x01, 0x01, 0xc7, 0x00, 0x00, 0x00, 0xe3,
  0x00, 0x00, 0x01, 0xc7, 0x04, 0x71, 0x00, 0x00, 0xfb, 0x8f, 0x00, 0x00,
  0x00, 0x01, 0x01, 0xc7, 0x01, 0xc7, 0x05, 0x55, 0x02, 0xaa, 0x00, 0x03,
  0x00, 0x00, 0x01, 0x01, 0x01, 0x01, 0x01, 0xc7, 0x00, 0x00, 0x03, 0x8e,
  0x00, 0x00, 0x01, 0xc7, 0x00, 0xe3, 0x00, 0x00, 0xff, 0x1d, 0x00, 0x00,
  0x00, 0x02, 0x00, 0x00, 0x00, 0xe3, 0x01, 0xc7, 0x03, 0x8e, 0x00, 0x03,
  0x00, 0x07, 0x00, 0x00, 0x01, 0x01, 0x01, 0x01, 0x01, 0x01, 0x01, 0x01,
  0x00, 0x00, 0x00, 0x00, 0x01, 0xc7, 0x00, 0x00, 0xfe, 0x39, 0x00, 0x00,
  0x01, 0xc7, 0x00, 0x00, 0x00, 0xe3, 0x00, 0xe4, 0x00, 0x00, 0xff, 0x1c,
  0x01, 0xc7, 0x00, 0xe4, 0x00, 0x00, 0xff, 0x1c, 0x00, 0x02, 0x02, 0xaa,
  0x00, 0xe3, 0x05, 0x55, 0x03, 0x8e, 0x00, 0x03, 0x00, 0x07, 0x00, 0x00,
  0x01, 0x01, 0x01, 0x01, 0x01, 0x01, 0x01, 0x01, 0x02, 0xaa, 0x00, 0x00,
  0x02, 0xab, 0x00, 0x00, 0xfd, 0x55, 0x00, 0x00, 0x02, 0xab, 0x00, 0x00,
  0x00, 0xe3, 0x00, 0xe4, 0x00, 0x00, 0xff, 0x1c, 0x01, 0xc7, 0x00, 0xe4,
  0x00, 0x00, 0xff, 0x1c, 0x00, 0x02, 0x00, 0xe3, 0xfe, 0x39, 0x03, 0x8e,
  0x01, 0xc7, 0x00, 0x03, 0x00, 0x07, 0x00, 0x00, 0x01, 0x01, 0x01, 0x01,
  0x01, 0x01, 0x01, 0x01, 0x00, 0xe3, 0x00, 0x00, 0x00, 0xe4, 0x00, 0x00,
  0x00, 0xe3, 0x00, 0x00, 0x00, 0xe4, 0x00, 0x00, 0xfe, 0x39, 0x03, 0x8e,
  0x00, 0x00, 0xfc, 0x72, 0x00, 0x00, 0x03, 0x8e, 0x00, 0x00, 0xfc, 0x72,
  0x00, 0x02, 0x00, 0xe3, 0x02, 0xaa, 0x03, 0x8e, 0x06, 0x38, 0x00, 0x03,
  0x00, 0x07, 0x00, 0x00, 0x01, 0x01, 0x01, 0x01, 0x01, 0x01, 0x01, 0x01,
  0x00, 0xe3, 0x00, 0x00, 0x00, 0xe4, 0x00, 0x00, 0x00, 0xe3, 0x00, 0x00,
  0x00, 0xe4, 0x00, 0x00, 0x02, 0xaa, 0x03, 0x8e, 0x00, 0x00, 0xfc, 0x72,
  0x00, 0x00, 0x03, 0x8e, 0x00, 0x00, 0xfc, 0x72, 0x00, 0x02, 0x00, 0xe3,
  0x01, 0xc7, 0x03, 0x8e, 0x02, 0xaa, 0x00, 0x03, 0x00, 0x07, 0x00, 0x00,
  0x01, 0x01, 0x01, 0x01, 0x01, 0x01, 0x01, 0x01, 0x00, 0xe3, 0x00, 0x00,
  0x00, 0xe4, 0x00, 0x00, 0x00, 0xe3, 0x00, 0x00, 0x00, 0xe4, 0x00, 0x00,
  0x01, 0xc7, 0x00, 0xe3, 0x00, 0x00, 0xff, 0x1d, 0x00, 0x00, 0x00, 0xe3,
  0x00, 0x00, 0xff, 0x1d, 0x00, 0x02, 0x01, 0xc7, 0x00, 0xe3, 0x02, 0xaa,
  0x03, 0x8e, 0x00, 0x03, 0x00, 0x07, 0x00, 0x00, 0x01, 0x01, 0x01, 0x01,
  0x01, 0x01, 0x01, 0x01, 0x01, 0xc7, 0x00, 0x00, 0x00, 0xe3, 0x00, 0x00,
  0xff, 0x1d, 0x00, 0x00, 0x00, 0xe3, 0x00, 0x00, 0x00, 0xe3, 0x00, 0xe4,
  0x00, 0x00, 0xff, 0x1c, 0x01, 0xc7, 0x00, 0xe4, 0x00, 0x00, 0xff, 0x1c,
  0x00, 0x01, 0x00, 0xe3, 0x02, 0xaa, 0x03, 0x8e, 0x03, 0x8e, 0x00, 0x03,
  0x00, 0x00, 0x01, 0x01, 0x01, 0x01, 0x00, 0xe3, 0x00, 0x00, 0x02, 0xab,
  0x00, 0x00, 0x02, 0xaa, 0x00, 0xe4, 0x00, 0x00, 0xff, 0x1c, 0x00, 0x00,
  0x00, 0x01, 0x00, 0xe3, 0x00, 0xe3, 0x01, 0xc7, 0x03, 0x8e, 0x00, 0x03,
  0x00, 0x00, 0x01, 0x01, 0x01, 0x01, 0x00, 0xe3, 0x00, 0x00, 0x00, 0xe4,
  0x00, 0x00, 0x00, 0xe3, 0x02, 0xab, 0x00, 0x00, 0xfd, 0x55, 0x00, 0x00,
  0x00, 0x01, 0x00, 0xe3, 0x00, 0xe3, 0x03, 0x8e, 0x01, 0xc7, 0x00, 0x03,
  0x00, 0x00, 0x01, 0x01, 0x01, 0x01, 0x00, 0xe3, 0x00, 0x00, 0x02, 0xab,
  0x00, 0x00, 0x00, 0xe3, 0x00, 0xe4, 0x00, 0x00, 0xff, 0x1c, 0x00, 0x00,
  0x00, 0x01, 0x02, 0xaa, 0x00, 0xe3, 0x03, 0x8e, 0x03, 0x8e, 0x00, 0x03,
  0x00, 0x00, 0x01, 0x01, 0x01, 0x01, 0x02, 0xaa, 0x00, 0x00, 0x00, 0xe4,
  0x00, 0x00, 0x00, 0xe3, 0x02, 0xab, 0x00, 0x00, 0xfd, 0x55, 0x00, 0x00,
  0x00, 0x01, 0x02, 0xaa, 0x02, 0x38, 0x05, 0x55, 0x06, 0x38, 0x00, 0x03,
  0x00, 0x00, 0x01, 0x01, 0x01, 0x01, 0x02, 0xaa, 0x00, 0x00, 0x02, 0xab,
  0x00, 0x00, 0x02, 0x38, 0x04, 0x00, 0x00, 0x00, 0xfc, 0x00, 0x00, 0x00,
  0x00, 0x01, 0x02, 0xaa, 0xfe, 0x39, 0x05, 0x55, 0x02, 0x38, 0x00, 0x03,
  0x00, 0x00, 0x01, 0x01, 0x01, 0x01, 0x02, 0xaa, 0x00, 0x00, 0x02, 0xab,
  0x00, 0x00, 0xfe, 0x39, 0x03, 0xff, 0x00, 0x00, 0xfc, 0x01, 0x00, 0x00,
  0x00, 0x01, 0x00, 0x00, 0xfe, 0x39, 0x02, 0xaa, 0x02, 0x38, 0x00, 0x03,
  0x00, 0x00, 0x01, 0x01, 0x01, 0x01, 0x00, 0x00, 0x00, 0x00, 0x02, 0xaa,
  0x00, 0x00, 0xfe, 0x39, 0x03, 0xff, 0x00, 0x00, 0xfc, 0x01, 0x00, 0x00,
  0x00, 0x01, 0x00, 0x00, 0x02, 0x38, 0x02, 0xaa, 0x06, 0x38, 0x00, 0x03,
  0x00, 0x00, 0x01, 0x01, 0x01, 0x01, 0x00, 0x00, 0x00, 0x00, 0x02, 0xaa,
  0x00, 0x00, 0x02, 0x38, 0x04, 0x00, 0x00, 0x00, 0xfc, 0x00, 0x00, 0x00,
  0x00, 0x01, 0x00, 0x00, 0xfe, 0x39, 0x05, 0x55, 0x02, 0xaa, 0x00, 0x0b,
  0x00, 0x00, 0x01, 0x01, 0x01, 0x01, 0x01, 0x01, 0x01, 0x01, 0x01, 0x01,
  0x01, 0x01, 0x00, 0x00, 0x00, 0x00, 0x00, 0xe3, 0x00, 0x00, 0x00, 0xe4,
  0x00, 0x00, 0x01, 0xc7, 0x00, 0x00, 0x00, 0xe3, 0x00, 0x00, 0x00, 0xe4,
  0x00, 0x00, 0xfe, 0x39, 0x01, 0xc7, 0x00, 0x00, 0x01, 0xc7, 0x00, 0x00,
  0x00, 0xe3, 0x00, 0x00, 0xff, 0x1d, 0x00, 0x00, 0xfe, 0x39, 0x00, 0x00,
  0xfe, 0x39, 0x00, 0x00, 0x00, 0x01, 0x00, 0x00, 0xfe, 0x39, 0x02, 0xaa,
  0x06, 0x38, 0x00, 0x0b, 0x00, 0x00, 0x01, 0x01, 0x01, 0x01, 0x01, 0x01,
  0x01, 0x01, 0x01, 0x01, 0x01, 0x01, 0x00, 0x00, 0x00, 0x00, 0x00, 0xe3,
  0x00, 0x00, 0x00, 0xe4, 0x00, 0x00, 0x00, 0xe3, 0x00, 0x00, 0xff, 0x1d,
  0x00, 0x00, 0xff, 0x1c, 0x00, 0x00, 0xfe, 0x39, 0x07, 0xff, 0x00, 0x00,
  0xff, 0x1d, 0x00, 0x00, 0xfe, 0x39, 0x00, 0x00, 0xfd, 0x55, 0x00, 0x00,
  0xfe, 0x3a, 0x00, 0x00, 0xff, 0x1c, 0x00, 0x00, 0x00, 0x01, 0x01, 0xc7,
  0xfe, 0x39, 0x05, 0x55, 0x06, 0x38, 0x00, 0x0f, 0x00, 0x00, 0x01, 0x01,
  0x01, 0x01, 0x01, 0x01, 0x01, 0x01, 0x01, 0x01, 0x01, 0x01, 0x01, 0x01,
  0x01, 0x01, 0x04, 0x71, 0x00, 0x00, 0xff, 0x1d, 0x00, 0x00, 0xff, 0x1c,
  0x00, 0x00, 0xff, 0x1d, 0x00, 0x00, 0x00, 0xe3, 0x00, 0x00, 0x00, 0xe4,
  0x00, 0x00, 0x00, 0xe3, 0x00, 0x00, 0x00, 0xe4, 0x00, 0x00, 0xfe, 0x39,
  0x00, 0xe4, 0x00, 0x00, 0x00, 0xe3, 0x00, 0x00, 0x00, 0xe3, 0x00, 0x00,
  0x02, 0xab, 0x00, 0x00, 0x00, 0xe3, 0x00, 0x00, 0x00, 0xe4, 0x00, 0x00,
  0x00, 0xe3, 0x00, 0x00, 0xf8, 0x01, 0x00, 0x00, 0x00, 0x01, 0x00, 0x00,
  0x01, 0xc7, 0x05, 0x55, 0x06, 0x38, 0x00, 0x0b, 0x00, 0x00, 0x01, 0x01,
  0x01, 0x01, 0x01, 0x01, 0x01, 0x01, 0x01, 0x01, 0x01, 0x01, 0x01, 0xc7,
  0x00, 0x00, 0xff, 0x1c, 0x00, 0x00, 0xff, 0x1d, 0x00, 0x00, 0x05, 0x55,
  0x00, 0x00, 0xff, 0x1c, 0x00, 0x00, 0xff, 0x1d, 0x00, 0x00, 0x01, 0xc7,
  0x00, 0xe3, 0x00, 0x00, 0x01, 0xc7, 0x00, 0x00, 0x01, 0xc7, 0x00, 0x00,
  0xfe, 0x39, 0x00, 0x00, 0xfe, 0x39, 0x00, 0x00, 0xff, 0x1d, 0x00, 0x00,
  0x00, 0x01, 0x03, 0x8e, 0xfe, 0x39, 0x04, 0x71, 0x02, 0xaa, 0x00, 0x03,
  0x00, 0x00, 0x01, 0x01, 0x01, 0x01, 0x03, 0x8e, 0x00, 0x00, 0x00, 0xe3,
  0x00, 0x00, 0xfe, 0x39, 0x04, 0x71, 0x00, 0x00, 0xfb, 0x8f, 0x00, 0x00,
  0x00, 0x01, 0x00, 0x00, 0xfe, 0x39, 0x00, 0xe3, 0x02, 0xaa, 0x00, 0x03,
  0x00, 0x00, 0x01, 0x01, 0x01, 0x01, 0x00, 0x00, 0x00, 0x00, 0x00, 0xe3,
  0x00, 0x00, 0xfe, 0x39, 0x04, 0x71, 0x00, 0x00, 0xfb, 0x8f, 0x00, 0x00,
  0x00, 0x01, 0x00, 0x00, 0x01, 0xc7, 0x00, 0xe3, 0x06, 0x38, 0x00, 0x03,
  0x00, 0x00, 0x01, 0x01, 0x01, 0x01, 0x00, 0x00, 0x00, 0x00, 0x00, 0xe3,
  0x00, 0x00, 0x01, 0xc7, 0x04, 0x71, 0x00, 0x00, 0xfb, 0x8f, 0x00, 0x00,
  0x00, 0x01, 0x00, 0x00, 0x05, 0x55, 0x04, 0x71, 0x06, 0x38, 0x00, 0x03,
  0x00, 0x00, 0x01, 0x01, 0x01, 0x01, 0x00, 0x00, 0x00, 0x00, 0x04, 0x71,
  0x00, 0x00, 0x05, 0x55, 0x00, 0xe3, 0x00, 0x00, 0xff, 0x1d, 0x00, 0x00,
  0x00, 0x01, 0x03, 0x8e, 0x01, 0xc7, 0x04, 0x71, 0x06, 0x38, 0x00, 0x03,
  0x00, 0x00, 0x01, 0x01, 0x01, 0x01, 0x03, 0x8e, 0x00, 0x00, 0x00, 0xe3,
  0x00, 0x00, 0x01, 0xc7, 0x04, 0x71, 0x00, 0x00, 0xfb, 0x8f, 0x00, 0x00,
  0x00, 0x01, 0x01, 0xc7, 0x01, 0xc7, 0x04, 0x71, 0x02, 0xaa, 0x00, 0x03,
  0x00, 0x00, 0x01, 0x01, 0x01, 0x01, 0x01, 0xc7, 0x00, 0x00, 0x02, 0xaa,
  0x00, 0x00, 0x01, 0xc7, 0x00, 0xe3, 0x00, 0x00, 0xff, 0x1d, 0x00, 0x00,
  0x00, 0x01, 0x00, 0x00, 0x01, 0xc7, 0x02, 0xaa, 0x02, 0xaa, 0x00, 0x03,
  0x00, 0x00, 0x01, 0x01, 0x01, 0x01, 0x00, 0x00, 0x00, 0x00, 0x02, 0xaa,
  0x00, 0x00, 0x01, 0xc7, 0x00, 0xe3, 0x00, 0x00, 0xff, 0x1d, 0x00, 0x00,
  0x00, 0x03, 0x01, 0xc7, 0x01, 0xc7, 0x04, 0x71, 0x06, 0x38, 0x00, 0x03,
  0x00, 0x07, 0x00, 0x0b, 0x00, 0x00, 0x01, 0x01, 0x01, 0x01, 0x01, 0x01,
  0x01, 0x01, 0x01, 0x01, 0x01, 0x01, 0x01, 0xc7, 0x00, 0x00, 0x00, 0xe3,
  0x00, 0x00, 0x00, 0x00, 0x00, 0x00, 0x00, 0xe4, 0x00, 0x00, 0x00, 0x00,
  0x00, 0x00, 0x00, 0xe3, 0x00, 0x00, 0x01, 0xc7, 0x01, 0xc7, 0x00, 0x00,
  0xfe, 0x39, 0x01, 0xc7, 0x01, 0xc7, 0x00, 0x00, 0xfe, 0x39, 0x01, 0xc7,
  0x00, 0xe3, 0x00, 0x00, 0xff, 0x1d, 0x00, 0x00, 0x00, 0x03, 0x00, 0x00,
  0x01, 0xc7, 0x02, 0xaa, 0x06, 0x38, 0x00, 0x03, 0x00, 0x07, 0x00, 0x0b,
  0x00, 0x00, 0x01, 0x01, 0x01, 0x01, 0x01, 0x01, 0x01, 0x01, 0x01, 0x01,
  0x01, 0x01, 0x01, 0xc7, 0x00, 0x00, 0x00, 0xe3, 0x00, 0x00, 0xfe, 0x39,
  0x00, 0x00, 0x00, 0xe4, 0x00, 0x00, 0xfe, 0x39, 0x00, 0x00, 0x00, 0xe3,
  0x00, 0x00, 0x01, 0xc7, 0x01, 0xc7, 0x00, 0x00, 0xfe, 0x39, 0x01, 0xc7,
  0x01, 0xc7, 0x00, 0x00, 0xfe, 0x39, 0x01, 0xc7, 0x00, 0xe3, 0x00, 0x00,
  0xff, 0x1d, 0x00, 0x00, 0x00, 0x03, 0x01, 0xc7, 0xfe, 0x39, 0x04, 0x71,
  0x02, 0xaa, 0x00, 0x03, 0x00, 0x07, 0x00, 0x0b, 0x00, 0x00, 0x01, 0x01,
  0x01, 0x01, 0x01, 0x01, 0x01, 0x01, 0x01, 0x01, 0x01, 0x01, 0x03, 0x8e,
  0x00, 0x00, 0x00, 0xe3, 0x00, 0x00, 0xfe, 0x39, 0x00, 0x00, 0x00, 0xe4,
  0x00, 0x00, 0xfe, 0x39, 0x00, 0x00, 0x00, 0xe3, 0x00, 0x00, 0xfe, 0x39,
  0x00, 0xe4, 0x00, 0x00, 0xff, 0x1c, 0x00, 0xe4, 0x01, 0xc6, 0x00, 0x00,
  0xfe, 0x3a, 0x01, 0xc6, 0x01, 0xc7, 0x00, 0x00, 0xfe, 0x39, 0x00, 0x00,
  0x00, 0x03, 0x00, 0x00, 0xfe, 0x39, 0x02, 0xaa, 0x02, 0xaa, 0x00, 0x03,
  0x00, 0x07, 0x00, 0x0b, 0x00, 0x00, 0x01, 0x01, 0x01, 0x01, 0x01, 0x01,
  0x01, 0x01, 0x01, 0x01, 0x01, 0x01, 0x00, 0x00, 0x00, 0x00, 0x00, 0xe3,
  0x00, 0x00, 0x00, 0x00, 0x00, 0x00, 0x00, 0xe4, 0x00, 0x00, 0x00, 0x00,
  0x00, 0x00, 0x00, 0xe3, 0x00, 0x00, 0xfe, 0x39, 0x00, 0xe4, 0x00, 0x00,
  0xff, 0x1c, 0x00, 0xe4, 0x01, 0xc6, 0x00, 0x00, 0xfe, 0x3a, 0x01, 0xc6,
  0x01, 0xc7, 0x00, 0x00, 0xfe, 0x39, 0x00, 0x00, 0x00, 0x01, 0x00, 0x00,
  0xfe, 0x39, 0x04, 0x71, 0xff, 0x1d, 0x00, 0x03, 0x00, 0x00, 0x01, 0x01,
  0x01, 0x01, 0x00, 0x00, 0x00, 0x00, 0x04, 0x71, 0x00, 0x00, 0xfe, 0x39,
  0x00, 0xe4, 0x00, 0x00, 0xff, 0x1c, 0x00, 0x00, 0x00, 0x02, 0x02, 0xaa,
  0x02, 0xaa, 0x04, 0x71, 0x06, 0x38, 0x00, 0x03, 0x00, 0x09, 0x00, 0x00,
  0x01, 0x01, 0x01, 0x01, 0x01, 0x01, 0x01, 0x01, 0x01, 0x01, 0x03, 0x8e,
  0x00, 0x00, 0x00, 0xe3, 0x00, 0x00, 0xfe, 0x39, 0x00, 0x00, 0x01, 0xc7,
  0x00, 0x00, 0xff, 0x1d, 0x00, 0x00, 0x02, 0xaa, 0x00, 0xe4, 0x00, 0x00,
  0xff, 0x1c, 0x00, 0xe4, 0x02, 0xaa, 0x00, 0x00, 0xfe, 0x39, 0x00, 0x00,
  0xff, 0x1d, 0x00, 0x00, 0x00, 0x02, 0x00, 0x00, 0x02, 0xaa, 0x01, 0xc7,
  0x06, 0x38, 0x00, 0x03, 0x00, 0x09, 0x00, 0x00, 0x01, 0x01, 0x01, 0x01,
  0x01, 0x01, 0x01, 0x01, 0x01, 0x01, 0x00, 0x00, 0x00, 0x00, 0x00, 0xe3,
  0x00, 0x00, 0x00, 0x00, 0x00, 0x00, 0xff, 0x1d, 0x00, 0x00, 0x01, 0xc7,
  0x00, 0x00, 0x02, 0xaa, 0x00, 0xe4, 0x00, 0x00, 0xff, 0x1c, 0x00, 0xe4,
  0x00, 0xe3, 0x00, 0x00, 0x01, 0xc7, 0x00, 0x00, 0xfd, 0x56, 0x00, 0x00,
  0x00, 0x04, 0x00, 0x00, 0x02, 0xaa, 0x04, 0x71, 0x06, 0x38, 0x00, 0x03,
  0x00, 0x07, 0x00, 0x0d, 0x00, 0x13, 0x00, 0x00, 0x01, 0x01, 0x01, 0x01,
  0x01, 0x01, 0x01, 0x01, 0x01, 0x01, 0x01, 0x01, 0x01, 0x01, 0x01, 0x01,
  0x01, 0x01, 0x01, 0x01, 0x00, 0xe3, 0x00, 0x00, 0x00, 0xe4, 0x00, 0x00,
  0x01, 0xc7, 0x00, 0x00, 0x00, 0xe3, 0x00, 0x00, 0xfb, 0x8f, 0x00, 0x00,
  0x01, 0xc7, 0x00, 0x00, 0xff, 0x1c, 0x00, 0x00, 0x01, 0xc7, 0x00, 0x00,
  0x01, 0xc7, 0x00, 0x00, 0xff, 0x1d, 0x00, 0x00, 0x02, 0xaa, 0x00, 0xe4,
  0x00, 0x00, 0xff, 0x1c, 0x00, 0x00, 0x00, 0xe4, 0x00, 0x00, 0xff, 0x1c,
  0x00, 0xe4, 0x02, 0xaa, 0x00, 0x00, 0xfe, 0x39, 0x00, 0x00, 0xff, 0x1d,
  0x00, 0x00, 0x02, 0xaa, 0x00, 0x00, 0xfe, 0x39, 0x00, 0x00, 0xff, 0x1d,
  0x00, 0x04, 0x00, 0x00, 0x02, 0xaa, 0x04, 0x71, 0x06, 0x38, 0x00, 0x03,
  0x00, 0x07, 0x00, 0x0d, 0x00, 0x13, 0x00, 0x00, 0x01, 0x01, 0x01, 0x01,
  0x01, 0x01, 0x01, 0x01, 0x01, 0x01, 0x01, 0x01, 0x01, 0x01, 0x01, 0x01,
  0x01, 0x01, 0x01, 0x01, 0x00, 0x00, 0x00, 0x00, 0x00, 0xe3, 0x00, 0x00,
  0x01, 0xc7, 0x00, 0x00, 0x00, 0xe4, 0x00, 0x00, 0xfd, 0x55, 0x00, 0x00,
  0xff, 0x1d, 0x00, 0x00, 0x01, 0xc7, 0x00, 0x00, 0x01, 0xc7, 0x00, 0x00,
  0xff, 0x1c, 0x00, 0x00, 0x01, 0xc7, 0x00, 0x00, 0x02, 0xaa, 0x00, 0xe4,
  0x00, 0x00, 0xff, 0x1c, 0x00, 0x00, 0x00, 0xe4, 0x00, 0x00, 0xff, 0x1c,
  0x00, 0xe4, 0x00, 0xe3, 0x00, 0x00, 0x01, 0xc7, 0x00, 0x00, 0xfd, 0x56,
  0x00, 0x00, 0x00, 0xe3, 0x00, 0x00, 0x01, 0xc7, 0x00, 0x00, 0xfd, 0x56,
  0x00, 0x00, 0x00, 0x22, 0x01, 0x9e, 0x00, 0x01, 0x00, 0x00, 0x00, 0x00,
  0x00, 0x00, 0x00, 0x14, 0x00, 0x00, 0x00, 0x01, 0x00, 0x00, 0x00, 0x00,
  0x00, 0x01, 0x00, 0x0c, 0x00, 0x14, 0x00, 0x01, 0x00, 0x00, 0x00, 0x00,
  0x00, 0x02, 0x00, 0x07, 0x00, 0x20, 0x00, 0x01, 0x00, 0x00, 0x00, 0x00,
  0x00, 0x03, 0x00, 0x0c, 0x00, 0x27, 0x00, 0x01, 0x00, 0x00, 0x00, 0x00,
  0x00, 0x04, 0x00, 0x14, 0x00, 0x33, 0x00, 0x01, 0x00, 0x00, 0x00, 0x00,
  0x00, 0x05, 0x00, 0x03, 0x00, 0x47, 0x00, 0x01, 0x00, 0x00, 0x00, 0x00,
  0x00, 0x06, 0x00, 0x0c, 0x00, 0x4a, 0x00, 0x01, 0x00, 0x00, 0x00, 0x00,
  0x00, 0x07, 0x00, 0x2b, 0x00, 0x56, 0x00, 0x01, 0x00, 0x00, 0x00, 0x00,
  0x00, 0x08, 0x00, 0x16, 0x00, 0x81, 0x00, 0x01, 0x00, 0x00, 0x00, 0x00,
  0x00, 0x09, 0x00, 0x05, 0x00, 0x97, 0x00, 0x01, 0x00, 0x00, 0x00, 0x00,
  0x00, 0x0a, 0x01, 0x03, 0x00, 0x9c, 0x00, 0x01, 0x00, 0x00, 0x00, 0x00,
  0x00, 0x0b, 0x00, 0x3d, 0x01, 0x9f, 0x00, 0x01, 0x00, 0x00, 0x00, 0x00,
  0x00, 0x0c, 0x00, 0x37, 0x01, 0xdc, 0x00, 0x01, 0x00, 0x00, 0x00, 0x00,
  0x00, 0x0d, 0x00, 0x2d, 0x02, 0x13, 0x00, 0x01, 0x00, 0x00, 0x00, 0x00,
  0x00, 0x0e, 0x00, 0x31, 0x02, 0x40, 0x00, 0x01, 0x00, 0x00, 0x00, 0x00,
  0x00, 0x13, 0x00, 0x29, 0x02, 0x71, 0x00, 0x01, 0x00, 0x00, 0x00, 0x00,
  0x01, 0x00, 0x00, 0x0c, 0x02, 0x9a, 0x00, 0x03, 0x00, 0x01, 0x04, 0x09,
  0x00, 0x00, 0x00, 0x28, 0x02, 0xa6, 0x00, 0x03, 0x00, 0x01, 0x04, 0x09,
  0x00, 0x01, 0x00, 0x18, 0x02, 0xce, 0x00, 0x03, 0x00, 0x01, 0x04, 0x09,
  0x00, 0x02, 0x00, 0x0e, 0x02, 0xe6, 0x00, 0x03, 0x00, 0x01, 0x04, 0x09,
  0x00, 0x03, 0x00, 0x18, 0x02, 0xf4, 0x00, 0x03, 0x00, 0x01, 0x04, 0x09,
  0x00, 0x04, 0x00, 0x28, 0x03, 0x0c, 0x00, 0x03, 0x00, 0x01, 0x04, 0x09,
  0x00, 0x05, 0x00, 0x06, 0x03, 0x34, 0x00, 0x03, 0x00, 0x01, 0x04, 0x09,
  0x00, 0x06, 0x00, 0x18, 0x03, 0x3a, 0x00, 0x03, 0x00, 0x01, 0x04, 0x09,
  0x00, 0x07, 0x00, 0x56, 0x03, 0x52, 0x00, 0x03, 0x00, 0x01, 0x04, 0x09,
  0x00, 0x08, 0x00, 0x2c, 0x03, 0xa8, 0x00, 0x03, 0x00, 0x01, 0x04, 0x09,
  0x00, 0x09, 0x00, 0x0a, 0x03, 0xd4, 0x00, 0x03, 0x00, 0x01, 0x04, 0x09,
  0x00, 0x0a, 0x02, 0x0e, 0x03, 0xde, 0x00, 0x03, 0x00, 0x01, 0x04, 0x09,
  0x00, 0x0b, 0x00, 0x7a, 0x05, 0xec, 0x00, 0x03, 0x00, 0x01, 0x04, 0x09,
  0x00, 0x0c, 0x00, 0x6e, 0x06, 0x66, 0x00, 0x03, 0x00, 0x01, 0x04, 0x09,
  0x00, 0x0d, 0x00, 0x5a, 0x06, 0xd4, 0x00, 0x03, 0x00, 0x01, 0x04, 0x09,
  0x00, 0x0e, 0x00, 0x62, 0x07, 0x2e, 0x00, 0x03, 0x00, 0x01, 0x04, 0x09,
  0x00, 0x13, 0x00, 0x52, 0x07, 0x90, 0x00, 0x03, 0x00, 0x01, 0x04, 0x09,
  0x01, 0x00, 0x00, 0x18, 0x07, 0xe2, 0x43, 0x6f, 0x70, 0x79, 0x72, 0x69,
  0x67, 0x68, 0x74, 0x20, 0x38, 0x38, 0x69, 0x6e, 0x74, 0x20, 0x32, 0x30,
  0x32, 0x32, 0x5f, 0x5f, 0x43, 0x4f, 0x4e, 0x53, 0x4f, 0x4c, 0x45, 0x5f,
  0x5f, 0x3f, 0x52, 0x65, 0x67, 0x75, 0x6c, 0x61, 0x72, 0x5f, 0x5f, 0x43,
  0x4f, 0x4e, 0x53, 0x4f, 0x4c, 0x45, 0x5f, 0x5f, 0x3f, 0x5f, 0x5f, 0x43,
  0x4f, 0x4e, 0x53, 0x4f, 0x4c, 0x45, 0x5f, 0x5f, 0x3f, 0x20, 0x52, 0x65,
  0x67, 0x75, 0x6c, 0x61, 0x72, 0x31, 0x2e, 0x30, 0x5f, 0x5f, 0x43, 0x4f,
  0x4e, 0x53, 0x4f, 0x4c, 0x45, 0x5f, 0x5f, 0x3f, 0x46, 0x6f, 0x6e, 0x74,
  0x53, 0x74, 0x72, 0x75, 0x63, 0x74, 0x20, 0x69, 0x73, 0x20, 0x61, 0x20,
  0x74, 0x72, 0x61, 0x64, 0x65, 0x6d, 0x61, 0x72, 0x6b, 0x20, 0x6f, 0x66,
  0x20, 0x46, 0x6f, 0x6e, 0x74, 0x53, 0x74, 0x72, 0x75, 0x63, 0x74, 0x2e,
  0x63, 0x6f, 0x6d, 0x68, 0x74, 0x74, 0x70, 0x73, 0x3a, 0x2f, 0x2f, 0x66,
  0x6f, 0x6e, 0x74, 0x73, 0x74, 0x72, 0x75, 0x63, 0x74, 0x2e, 0x63, 0x6f,
  0x6d, 0x38, 0x38, 0x69, 0x6e, 0x74, 0xd2, 0x5f, 0x5f, 0x43, 0x4f, 0x4e,
  0x53, 0x4f, 0x4c, 0x45, 0x5f, 0x5f, 0x3f, 0xd3, 0x20, 0x77, 0x61, 0x73,
  0x20, 0x62, 0x75, 0x69, 0x6c, 0x74, 0x20, 0x77, 0x69, 0x74, 0x68, 0x20,
  0x46, 0x6f, 0x6e, 0x74, 0x53, 0x74, 0x72, 0x75, 0x63, 0x74, 0x44, 0x65,
  0x73, 0x69, 0x67, 0x6e, 0x65, 0x72, 0x20, 0x64, 0x65, 0x73, 0x63, 0x72,
  0x69, 0x70, 0x74, 0x69, 0x6f, 0x6e, 0x3a, 0x20, 0x3c, 0x70, 0x3e, 0x41,
  0x20, 0x72, 0x61, 0x6e, 0x64, 0x6f, 0x6d, 0x20, 0x63, 0x6f, 0x6e, 0x73,
  0x6f, 0x6c, 0x65, 0x20, 0x66, 0x6f, 0x6e, 0x74, 0x2e, 0x3c, 0x62, 0x72,
  0x20, 0x2f, 0x3e, 0x49, 0x74, 0x20, 0x68, 0x61, 0x73, 0x20, 0x63, 0x68,
  0x61, 0x72, 0x61, 0x63, 0x74, 0x65, 0x72, 0x73, 0x20, 0x74, 0x6f, 0x20,
  0x64, 0x72, 0x61, 0x77, 0x20, 0x31, 0x36, 0x2d, 0x73, 0x65, 0x67, 0x6d,
  0x65, 0x6e, 0x74, 0x20, 0x64, 0x69, 0x73, 0x70, 0x6c, 0x61, 0x79, 0x73,
  0x2c, 0x20, 0x62, 0x6f, 0x78, 0x65, 0x73, 0x2c, 0x20, 0x61, 0x6e, 0x64,
  0x20, 0x74, 0x65, 0x78, 0x74, 0x2e, 0x3c, 0x62, 0x72, 0x20, 0x2f, 0x3e,
  0x4e, 0x4f, 0x54, 0x45, 0x3a, 0x20, 0x57, 0x68, 0x65, 0x6e, 0x20, 0x64,
  0x72, 0x61, 0x77, 0x69, 0x6e, 0x67, 0x20, 0x77, 0x69, 0x74, 0x68, 0x20,
  0x74, 0x68, 0x65, 0x20, 0x77, 0x65, 0x69, 0x72, 0x64, 0x20, 0x63, 0x68,
  0x61, 0x72, 0x61, 0x63, 0x74, 0x65, 0x72, 0x73, 0x20, 0x79, 0x6f, 0x75,
  0x20, 0x77, 0x69, 0x6c, 0x6c, 0x20, 0x6e, 0x65, 0x65, 0x64, 0x20, 0x74,
  0x6f, 0x20, 0x73, 0x65, 0x70, 0x61, 0x72, 0x61, 0x74, 0x65, 0x20, 0x73,
  0x65, 0x63, 0x74, 0x69, 0x6f, 0x6e, 0x73, 0x20, 0x77, 0x69, 0x74, 0x68,
  0x20, 0x61, 0x20, 0x73, 0x70, 0x61, 0x63, 0x65, 0x2e, 0x3c, 0x2f, 0x70,
  0x3e, 0x68, 0x74, 0x74, 0x70, 0x73, 0x3a, 0x2f, 0x2f, 0x66, 0x6f, 0x6e,
  0x74, 0x73, 0x74, 0x72, 0x75, 0x63, 0x74, 0x2e, 0x63, 0x6f, 0x6d, 0x2f,
  0x66, 0x6f, 0x6e, 0x74, 0x73, 0x74, 0x72, 0x75, 0x63, 0x74, 0x69, 0x6f,
  0x6e, 0x73, 0x2f, 0x73, 0x68, 0x6f, 0x77, 0x2f, 0x32, 0x30, 0x39, 0x35,
  0x34, 0x31, 0x31, 0x2f, 0x63, 0x6f, 0x6e, 0x73, 0x6f, 0x6c, 0x65, 0x2d,
  0x32, 0x32, 0x68, 0x74, 0x74, 0x70, 0x73, 0x3a, 0x2f, 0x2f, 0x66, 0x6f,
  0x6e, 0x74, 0x73, 0x74, 0x72, 0x75, 0x63, 0x74, 0x2e, 0x63, 0x6f, 0x6d,
  0x2f, 0x66, 0x6f, 0x6e, 0x74, 0x73, 0x74, 0x72, 0x75, 0x63, 0x74, 0x6f,
  0x72, 0x73, 0x2f, 0x73, 0x68, 0x6f, 0x77, 0x2f, 0x32, 0x30, 0x32, 0x30,
  0x35, 0x30, 0x30, 0x2f, 0x38, 0x38, 0x69, 0x6e, 0x74, 0x43, 0x72, 0x65,
  0x61, 0x74, 0x69, 0x76, 0x65, 0x20, 0x43, 0x6f, 0x6d, 0x6d, 0x6f, 0x6e,
  0x73, 0x20, 0x43, 0x43, 0x30, 0x20, 0x50, 0x75, 0x62, 0x6c, 0x69, 0x63,
  0x20, 0x44, 0x6f, 0x6d, 0x61, 0x69, 0x6e, 0x20, 0x44, 0x65, 0x64, 0x69,
  0x63, 0x61, 0x74, 0x69, 0x6f, 0x6e, 0x68, 0x74, 0x74, 0x70, 0x3a, 0x2f,
  0x2f, 0x63, 0x72, 0x65, 0x61, 0x74, 0x69, 0x76, 0x65, 0x63, 0x6f, 0x6d,
  0x6d, 0x6f, 0x6e, 0x73, 0x2e, 0x6f, 0x72, 0x67, 0x2f, 0x70, 0x75, 0x62,
  0x6c, 0x69, 0x63, 0x64, 0x6f, 0x6d, 0x61, 0x69, 0x6e, 0x2f, 0x7a, 0x65,
  0x72, 0x6f, 0x2f, 0x31, 0x2e, 0x30, 0x2f, 0x46, 0x69, 0x76, 0x65, 0x20,
  0x62, 0x69, 0x67, 0x20, 0x71, 0x75, 0x61, 0x63, 0x6b, 0x69, 0x6e, 0x67,
  0x20, 0x7a, 0x65, 0x70, 0x68, 0x79, 0x72, 0x73, 0x20, 0x6a, 0x6f, 0x6c,
  0x74, 0x20, 0x6d, 0x79, 0x20, 0x77, 0x61, 0x78, 0x20, 0x62, 0x65, 0x64,
  0x41, 0x41, 0x6b, 0x42, 0x63, 0x46, 0x31, 0x6c, 0x58, 0x77, 0x3d, 0x3d,
  0x00, 0x43, 0x00, 0x6f, 0x00, 0x70, 0x00, 0x79, 0x00, 0x72, 0x00, 0x69,
  0x00, 0x67, 0x00, 0x68, 0x00, 0x74, 0x00, 0x20, 0x00, 0x38, 0x00, 0x38,
  0x00, 0x69, 0x00, 0x6e, 0x00, 0x74, 0x00, 0x20, 0x00, 0x32, 0x00, 0x30,
  0x00, 0x32, 0x00, 0x32, 0x00, 0x5f, 0x00, 0x5f, 0x00, 0x43, 0x00, 0x4f,
  0x00, 0x4e, 0x00, 0x53, 0x00, 0x4f, 0x00, 0x4c, 0x00, 0x45, 0x00, 0x5f,
  0x00, 0x5f, 0x00, 0x3f, 0x00, 0x52, 0x00, 0x65, 0x00, 0x67, 0x00, 0x75,
  0x00, 0x6c, 0x00, 0x61, 0x00, 0x72, 0x00, 0x5f, 0x00, 0x5f, 0x00, 0x43,
  0x00, 0x4f, 0x00, 0x4e, 0x00, 0x53, 0x00, 0x4f, 0x00, 0x4c, 0x00, 0x45,
  0x00, 0x5f, 0x00, 0x5f, 0x00, 0x3f, 0x00, 0x5f, 0x00, 0x5f, 0x00, 0x43,
  0x00, 0x4f, 0x00, 0x4e, 0x00, 0x53, 0x00, 0x4f, 0x00, 0x4c, 0x00, 0x45,
  0x00, 0x5f, 0x00, 0x5f, 0x00, 0x3f, 0x00, 0x20, 0x00, 0x52, 0x00, 0x65,
  0x00, 0x67, 0x00, 0x75, 0x00, 0x6c, 0x00, 0x61, 0x00, 0x72, 0x00, 0x31,
  0x00, 0x2e, 0x00, 0x30, 0x00, 0x5f, 0x00, 0x5f, 0x00, 0x43, 0x00, 0x4f,
  0x00, 0x4e, 0x00, 0x53, 0x00, 0x4f, 0x00, 0x4c, 0x00, 0x45, 0x00, 0x5f,
  0x00, 0x5f, 0x00, 0x3f, 0x00, 0x46, 0x00, 0x6f, 0x00, 0x6e, 0x00, 0x74,
  0x00, 0x53, 0x00, 0x74, 0x00, 0x72, 0x00, 0x75, 0x00, 0x63, 0x00, 0x74,
  0x00, 0x20, 0x00, 0x69, 0x00, 0x73, 0x00, 0x20, 0x00, 0x61, 0x00, 0x20,
  0x00, 0x74, 0x00, 0x72, 0x00, 0x61, 0x00, 0x64, 0x00, 0x65, 0x00, 0x6d,
  0x00, 0x61, 0x00, 0x72, 0x00, 0x6b, 0x00, 0x20, 0x00, 0x6f, 0x00, 0x66,
  0x00, 0x20, 0x00, 0x46, 0x00, 0x6f, 0x00, 0x6e, 0x00, 0x74, 0x00, 0x53,
  0x00, 0x74, 0x00, 0x72, 0x00, 0x75, 0x00, 0x63, 0x00, 0x74, 0x00, 0x2e,
  0x00, 0x63, 0x00, 0x6f, 0x00, 0x6d, 0x00, 0x68, 0x00, 0x74, 0x00, 0x74,
  0x00, 0x70, 0x00, 0x73, 0x00, 0x3a, 0x00, 0x2f, 0x00, 0x2f, 0x00, 0x66,
  0x00, 0x6f, 0x00, 0x6e, 0x00, 0x74, 0x00, 0x73, 0x00, 0x74, 0x00, 0x72,
  0x00, 0x75, 0x00, 0x63, 0x00, 0x74, 0x00, 0x2e, 0x00, 0x63, 0x00, 0x6f,
  0x00, 0x6d, 0x00, 0x38, 0x00, 0x38, 0x00, 0x69, 0x00, 0x6e, 0x00, 0x74,
  0x20, 0x1c, 0x00, 0x5f, 0x00, 0x5f, 0x00, 0x43, 0x00, 0x4f, 0x00, 0x4e,
  0x00, 0x53, 0x00, 0x4f, 0x00, 0x4c, 0x00, 0x45, 0x00, 0x5f, 0x00, 0x5f,
  0x00, 0x3f, 0x20, 0x1d, 0x00, 0x20, 0x00, 0x77, 0x00, 0x61, 0x00, 0x73,
  0x00, 0x20, 0x00, 0x62, 0x00, 0x75, 0x00, 0x69, 0x00, 0x6c, 0x00, 0x74,
  0x00, 0x20, 0x00, 0x77, 0x00, 0x69, 0x00, 0x74, 0x00, 0x68, 0x00, 0x20,
  0x00, 0x46, 0x00, 0x6f, 0x00, 0x6e, 0x00, 0x74, 0x00, 0x53, 0x00, 0x74,
  0x00, 0x72, 0x00, 0x75, 0x00, 0x63, 0x00, 0x74, 0x00, 0x0a, 0x00, 0x44,
  0x00, 0x65, 0x00, 0x73, 0x00, 0x69, 0x00, 0x67, 0x00, 0x6e, 0x00, 0x65,
  0x00, 0x72, 0x00, 0x20, 0x00, 0x64, 0x00, 0x65, 0x00, 0x73, 0x00, 0x63,
  0x00, 0x72, 0x00, 0x69, 0x00, 0x70, 0x00, 0x74, 0x00, 0x69, 0x00, 0x6f,
  0x00, 0x6e, 0x00, 0x3a, 0x00, 0x20, 0x00, 0x3c, 0x00, 0x70, 0x00, 0x3e,
  0x00, 0x41, 0x00, 0x20, 0x00, 0x72, 0x00, 0x61, 0x00, 0x6e, 0x00, 0x64,
  0x00, 0x6f, 0x00, 0x6d, 0x00, 0x20, 0x00, 0x63, 0x00, 0x6f, 0x00, 0x6e,
  0x00, 0x73, 0x00, 0x6f, 0x00, 0x6c, 0x00, 0x65, 0x00, 0x20, 0x00, 0x66,
  0x00, 0x6f, 0x00, 0x6e, 0x00, 0x74, 0x00, 0x2e, 0x00, 0x3c, 0x00, 0x62,
  0x00, 0x72, 0x00, 0x20, 0x00, 0x2f, 0x00, 0x3e, 0x00, 0x0a, 0x00, 0x49,
  0x00, 0x74, 0x00, 0x20, 0x00, 0x68, 0x00, 0x61, 0x00, 0x73, 0x00, 0x20,
  0x00, 0x63, 0x00, 0x68, 0x00, 0x61, 0x00, 0x72, 0x00, 0x61, 0x00, 0x63,
  0x00, 0x74, 0x00, 0x65, 0x00, 0x72, 0x00, 0x73, 0x00, 0x20, 0x00, 0x74,
  0x00, 0x6f, 0x00, 0x20, 0x00, 0x64, 0x00, 0x72, 0x00, 0x61, 0x00, 0x77,
  0x00, 0x20, 0x00, 0x31, 0x00, 0x36, 0x00, 0x2d, 0x00, 0x73, 0x00, 0x65,
  0x00, 0x67, 0x00, 0x6d, 0x00, 0x65, 0x00, 0x6e, 0x00, 0x74, 0x00, 0x20,
  0x00, 0x64, 0x00, 0x69, 0x00, 0x73, 0x00, 0x70, 0x00, 0x6c, 0x00, 0x61,
  0x00, 0x79, 0x00, 0x73, 0x00, 0x2c, 0x00, 0x20, 0x00, 0x62, 0x00, 0x6f,
  0x00, 0x78, 0x00, 0x65, 0x00, 0x73, 0x00, 0x2c, 0x00, 0x20, 0x00, 0x61,
  0x00, 0x6e, 0x00, 0x64, 0x00, 0x20, 0x00, 0x74, 0x00, 0x65, 0x00, 0x78,
  0x00, 0x74, 0x00, 0x2e, 0x00, 0x3c, 0x00, 0x62, 0x00, 0x72, 0x00, 0x20,
  0x00, 0x2f, 0x00, 0x3e, 0x00, 0x0a, 0x00, 0x4e, 0x00, 0x4f, 0x00, 0x54,
  0x00, 0x45, 0x00, 0x3a, 0x00, 0x20, 0x00, 0x57, 0x00, 0x68, 0x00, 0x65,
  0x00, 0x6e, 0x00, 0x20, 0x00, 0x64, 0x00, 0x72, 0x00, 0x61, 0x00, 0x77,
  0x00, 0x69, 0x00, 0x6e, 0x00, 0x67, 0x00, 0x20, 0x00, 0x77, 0x00, 0x69,
  0x00, 0x74, 0x00, 0x68, 0x00, 0x20, 0x00, 0x74, 0x00, 0x68, 0x00, 0x65,
  0x00, 0x20, 0x00, 0x77, 0x00, 0x65, 0x00, 0x69, 0x00, 0x72, 0x00, 0x64,
  0x00, 0x20, 0x00, 0x63, 0x00, 0x68, 0x00, 0x61, 0x00, 0x72, 0x00, 0x61,
  0x00, 0x63, 0x00, 0x74, 0x00, 0x65, 0x00, 0x72, 0x00, 0x73, 0x00, 0x20,
  0x00, 0x79, 0x00, 0x6f, 0x00, 0x75, 0x00, 0x20, 0x00, 0x77, 0x00, 0x69,
  0x00, 0x6c, 0x00, 0x6c, 0x00, 0x20, 0x00, 0x6e, 0x00, 0x65, 0x00, 0x65,
  0x00, 0x64, 0x00, 0x20, 0x00, 0x74, 0x00, 0x6f, 0x00, 0x20, 0x00, 0x73,
  0x00, 0x65, 0x00, 0x70, 0x00, 0x61, 0x00, 0x72, 0x00, 0x61, 0x00, 0x74,
  0x00, 0x65, 0x00, 0x20, 0x00, 0x73, 0x00, 0x65, 0x00, 0x63, 0x00, 0x74,
  0x00, 0x69, 0x00, 0x6f, 0x00, 0x6e, 0x00, 0x73, 0x00, 0x20, 0x00, 0x77,
  0x00, 0x69, 0x00, 0x74, 0x00, 0x68, 0x00, 0x20, 0x00, 0x61, 0x00, 0x20,
  0x00, 0x73, 0x00, 0x70, 0x00, 0x61, 0x00, 0x63, 0x00, 0x65, 0x00, 0x2e,
  0x00, 0x3c, 0x00, 0x2f, 0x00, 0x70, 0x00, 0x3e, 0x00, 0x0a, 0x00, 0x68,
  0x00, 0x74, 0x00, 0x74, 0x00, 0x70, 0x00, 0x73, 0x00, 0x3a, 0x00, 0x2f,
  0x00, 0x2f, 0x00, 0x66, 0x00, 0x6f, 0x00, 0x6e, 0x00, 0x74, 0x00, 0x73,
  0x00, 0x74, 0x00, 0x72, 0x00, 0x75, 0x00, 0x63, 0x00, 0x74, 0x00, 0x2e,
  0x00, 0x63, 0x00, 0x6f, 0x00, 0x6d, 0x00, 0x2f, 0x00, 0x66, 0x00, 0x6f,
  0x00, 0x6e, 0x00, 0x74, 0x00, 0x73, 0x00, 0x74, 0x00, 0x72, 0x00, 0x75,
  0x00, 0x63, 0x00, 0x74, 0x00, 0x69, 0x00, 0x6f, 0x00, 0x6e, 0x00, 0x73,
  0x00, 0x2f, 0x00, 0x73, 0x00, 0x68, 0x00, 0x6f, 0x00, 0x77, 0x00, 0x2f,
  0x00, 0x32, 0x00, 0x30, 0x00, 0x39, 0x00, 0x35, 0x00, 0x34, 0x00, 0x31,
  0x00, 0x31, 0x00, 0x2f, 0x00, 0x63, 0x00, 0x6f, 0x00, 0x6e, 0x00, 0x73,
  0x00, 0x6f, 0x00, 0x6c, 0x00, 0x65, 0x00, 0x2d, 0x00, 0x32, 0x00, 0x32,
  0x00, 0x68, 0x00, 0x74, 0x00, 0x74, 0x00, 0x70, 0x00, 0x73, 0x00, 0x3a,
  0x00, 0x2f, 0x00, 0x2f, 0x00, 0x66, 0x00, 0x6f, 0x00, 0x6e, 0x00, 0x74,
  0x00, 0x73, 0x00, 0x74, 0x00, 0x72, 0x00, 0x75, 0x00, 0x63, 0x00, 0x74,
  0x00, 0x2e, 0x00, 0x63, 0x00, 0x6f, 0x00, 0x6d, 0x00, 0x2f, 0x00, 0x66,
  0x00, 0x6f, 0x00, 0x6e, 0x00, 0x74, 0x00, 0x73, 0x00, 0x74, 0x00, 0x72,
  0x00, 0x75, 0x00, 0x63, 0x00, 0x74, 0x00, 0x6f, 0x00, 0x72, 0x00, 0x73,
  0x00, 0x2f, 0x00, 0x73, 0x00, 0x68, 0x00, 0x6f, 0x00, 0x77, 0x00, 0x2f,
  0x00, 0x32, 0x00, 0x30, 0x00, 0x32, 0x00, 0x30, 0x00, 0x35, 0x00, 0x30,
  0x00, 0x30, 0x00, 0x2f, 0x00, 0x38, 0x00, 0x38, 0x00, 0x69, 0x00, 0x6e,
  0x00, 0x74, 0x00, 0x43, 0x00, 0x72, 0x00, 0x65, 0x00, 0x61, 0x00, 0x74,
  0x00, 0x69, 0x00, 0x76, 0x00, 0x65, 0x00, 0x20, 0x00, 0x43, 0x00, 0x6f,
  0x00, 0x6d, 0x00, 0x6d, 0x00, 0x6f, 0x00, 0x6e, 0x00, 0x73, 0x00, 0x20,
  0x00, 0x43, 0x00, 0x43, 0x00, 0x30, 0x00, 0x20, 0x00, 0x50, 0x00, 0x75,
  0x00, 0x62, 0x00, 0x6c, 0x00, 0x69, 0x00, 0x63, 0x00, 0x20, 0x00, 0x44,
  0x00, 0x6f, 0x00, 0x6d, 0x00, 0x61, 0x00, 0x69, 0x00, 0x6e, 0x00, 0x20,
  0x00, 0x44, 0x00, 0x65, 0x00, 0x64, 0x00, 0x69, 0x00, 0x63, 0x00, 0x61,
  0x00, 0x74, 0x00, 0x69, 0x00, 0x6f, 0x00, 0x6e, 0x00, 0x68, 0x00, 0x74,
  0x00, 0x74, 0x00, 0x70, 0x00, 0x3a, 0x00, 0x2f, 0x00, 0x2f, 0x00, 0x63,
  0x00, 0x72, 0x00, 0x65, 0x00, 0x61, 0x00, 0x74, 0x00, 0x69, 0x00, 0x76,
  0x00, 0x65, 0x00, 0x63, 0x00, 0x6f, 0x00, 0x6d, 0x00, 0x6d, 0x00, 0x6f,
  0x00, 0x6e, 0x00, 0x73, 0x00, 0x2e, 0x00, 0x6f, 0x00, 0x72, 0x00, 0x67,
  0x00, 0x2f, 0x00, 0x70, 0x00, 0x75, 0x00, 0x62, 0x00, 0x6c, 0x00, 0x69,
  0x00, 0x63, 0x00, 0x64, 0x00, 0x6f, 0x00, 0x6d, 0x00, 0x61, 0x00, 0x69,
  0x00, 0x6e, 0x00, 0x2f, 0x00, 0x7a, 0x00, 0x65, 0x00, 0x72, 0x00, 0x6f,
  0x00, 0x2f, 0x00, 0x31, 0x00, 0x2e, 0x00, 0x30, 0x00, 0x2f, 0x00, 0x46,
  0x00, 0x69, 0x00, 0x76, 0x00, 0x65, 0x00, 0x20, 0x00, 0x62, 0x00, 0x69,
  0x00, 0x67, 0x00, 0x20, 0x00, 0x71, 0x00, 0x75, 0x00, 0x61, 0x00, 0x63,
  0x00, 0x6b, 0x00, 0x69, 0x00, 0x6e, 0x00, 0x67, 0x00, 0x20, 0x00, 0x7a,
  0x00, 0x65, 0x00, 0x70, 0x00, 0x68, 0x00, 0x79, 0x00, 0x72, 0x00, 0x73,
  0x00, 0x20, 0x00, 0x6a, 0x00, 0x6f, 0x00, 0x6c, 0x00, 0x74, 0x00, 0x20,
  0x00, 0x6d, 0x00, 0x79, 0x00, 0x20, 0x00, 0x77, 0x00, 0x61, 0x00, 0x78,
  0x00, 0x20, 0x00, 0x62, 0x00, 0x65, 0x00, 0x64, 0x00, 0x41, 0x00, 0x41,
  0x00, 0x6b, 0x00, 0x42, 0x00, 0x63, 0x00, 0x46, 0x00, 0x31, 0x00, 0x6c,
  0x00, 0x58, 0x00, 0x77, 0x00, 0x3d, 0x00, 0x3d, 0x00, 0x03, 0x00, 0x00,
  0x00, 0x00, 0x00, 0x00, 0x00, 0xcc, 0x00, 0x66, 0x00, 0x00, 0x00, 0x00,
  0x00, 0x00, 0x00, 0x00, 0x00, 0x00, 0x00, 0x00, 0x00, 0x00, 0x00, 0x00,
  0x00, 0x00, 0x00, 0x00, 0x00, 0x00, 0x00, 0x01, 0x00, 0x00, 0x00, 0x00
};

const unsigned int console_font_size = 16188;

} // namespace embedded
} // namespace ui
